cui,unique_pub_count
C0000334,80
C0000378,8
C0000379,16
C0000392,70
C0000402,42
C0000407,23
C0000473,56
C0000477,18
C0000481,30
C0000503,76
C0000545,498
C0000578,21
C0000608,143
C0000618,1352
C0000658,104
C0000665,55
C0000714,4
C0000843,4
C0000946,25
C0000956,56
C0000959,5
C0000970,2815
C0000975,1518
C0000981,416
C0000983,345
C0001017,1
C0001040,114
C0001041,315
C0001047,475
C0001050,3
C0001052,16
C0001056,57
C0001061,6
C0001128,49
C0001143,30
C0001187,1
C0001237,3
C0001246,1
C0001268,25
C0001275,1756
C0001367,1394
C0001392,25
C0001443,939
C0001457,1
C0001459,1
C0001465,140
C0001480,481
C0001655,2606
C0001814,4
C0001888,34
C0001898,1085
C0001911,1170
C0001924,386
C0001927,2369
C0001962,10900
C0001964,54
C0001981,29
C0002006,1323
C0002026,235
C0002027,4
C0002039,12
C0002059,3977
C0002083,43
C0002132,1
C0002139,26
C0002144,385
C0002158,11
C0002164,4
C0002191,1273
C0002199,224
C0002245,297
C0002260,47
C0002268,69
C0002272,283
C0002287,115
C0002302,44
C0002327,17
C0002328,2
C0002333,73
C0002334,4
C0002335,546
C0002367,610
C0002371,210
C0002374,8
C0002403,139
C0002412,1
C0002421,89
C0002435,32
C0002436,54
C0002475,385
C0002496,168
C0002499,1034
C0002502,83
C0002503,16
C0002520,3715
C0002555,9
C0002560,24
C0002563,157
C0002575,471
C0002583,17
C0002586,85
C0002589,2
C0002598,424
C0002600,261
C0002607,1343
C0002615,68
C0002640,77
C0002641,641
C0002644,9
C0002645,2854
C0002658,919
C0002679,1837
C0002680,3007
C0002686,1
C0002697,29
C0002699,70
C0002711,14
C0002728,15
C0002732,8
C0002823,2
C0002860,1348
C0003001,3
C0003009,1035
C0003018,1035
C0003036,25
C0003082,1
C0003143,4
C0003166,29
C0003380,295
C0003382,3
C0003420,160
C0003524,2
C0003596,14
C0003639,5
C0003641,199
C0003682,1
C0003695,1275
C0003729,2
C0003753,9
C0003765,2007
C0003946,2
C0003968,2171
C0003993,1528
C0003995,240
C0003999,75
C0004015,1020
C0004057,2580
C0004147,176
C0004234,246
C0004235,9
C0004237,48
C0004259,1316
C0004320,20
C0004434,208
C0004475,114
C0004476,1
C0004482,2236
C0004499,75
C0004521,199
C0004595,39
C0004599,127
C0004609,399
C0004740,77
C0004743,8
C0004749,489
C0004754,227
C0004886,1989
C0004906,445
C0004960,3
C0004969,1
C0004975,6
C0005013,1
C0005014,15
C0005018,9
C0005025,63
C0005035,5
C0005038,177
C0005041,10
C0005059,83
C0005064,1930
C0005070,10
C0005088,118
C0005096,2
C0005098,25
C0005099,21
C0005100,63
C0005116,3
C0005117,19
C0005214,1
C0005220,593
C0005301,10
C0005304,261
C0005308,1332
C0005320,24
C0005321,3
C0005330,22
C0005372,4
C0005575,772
C0005578,43
C0005632,47
C0005640,12
C0005661,14
C0005740,1377
C0005919,59
C0006020,40
C0006030,92
C0006050,319
C0006051,10
C0006100,101
C0006213,26
C0006217,27
C0006220,39
C0006226,1
C0006230,495
C0006233,84
C0006246,37
C0006351,9
C0006359,1
C0006360,3
C0006376,55
C0006388,4
C0006400,2217
C0006403,1
C0006405,526
C0006456,189
C0006462,40
C0006463,1568
C0006464,1
C0006491,60
C0006507,22
C0006628,92
C0006630,25
C0006632,1660
C0006639,11
C0006644,1306
C0006657,977
C0006668,4
C0006669,594
C0006674,922
C0006675,10191
C0006681,241
C0006686,101
C0006695,26
C0006699,236
C0006700,16
C0006711,564
C0006712,564
C0006720,59
C0006790,1
C0006796,2
C0006809,47
C0006812,170
C0006834,1
C0006863,194
C0006865,18
C0006882,10
C0006886,34
C0006931,54
C0006938,301
C0006945,3
C0006949,2272
C0006971,2
C0006972,4
C0006976,127
C0006979,8
C0006982,147
C0006983,153
C0006992,14
C0007009,1756
C0007010,3
C0007012,2432
C0007018,1357
C0007053,1
C0007068,69
C0007072,33
C0007077,2
C0007248,8
C0007257,222
C0007267,47
C0007299,6
C0007343,23
C0007404,122
C0007537,357
C0007538,81
C0007541,93
C0007545,11
C0007546,526
C0007549,69
C0007550,74
C0007551,14
C0007552,202
C0007554,1483
C0007555,40
C0007556,88
C0007557,218
C0007558,35
C0007559,830
C0007560,191
C0007561,1974
C0007562,576
C0007630,15
C0007648,252
C0007649,22
C0007665,2
C0007710,2
C0007714,8
C0007716,381
C0007721,2
C0007727,22
C0007735,165
C0007737,9
C0007738,74
C0007886,242
C0007906,41
C0008024,185
C0008161,396
C0008163,203
C0008168,1376
C0008173,21
C0008174,22
C0008183,1
C0008188,20
C0008196,773
C0008209,274
C0008214,85
C0008217,2
C0008221,4
C0008223,7
C0008232,7
C0008238,187
C0008240,2
C0008241,158
C0008269,1721
C0008273,61
C0008275,1
C0008281,138
C0008286,272
C0008287,32
C0008290,22
C0008292,1
C0008293,19
C0008294,15
C0008296,8
C0008318,1149
C0008328,141
C0008357,5
C0008359,207
C0008377,11318
C0008402,198
C0008405,1379
C0008466,201
C0008574,763
C0008736,5
C0008742,172
C0008744,172
C0008777,129
C0008783,253
C0008803,19
C0008806,3
C0008809,1507
C0008838,2706
C0008845,247
C0008849,3
C0008864,563
C0008929,28
C0008931,1
C0008932,37
C0008947,1307
C0008992,120
C0008996,92
C0009002,47
C0009008,562
C0009010,131
C0009011,481
C0009014,1062
C0009018,3
C0009025,2
C0009026,12
C0009030,6
C0009035,5
C0009053,165
C0009071,5
C0009073,1
C0009074,147
C0009077,240
C0009079,246
C0009137,32
C0009148,521
C0009170,1879
C0009209,364
C0009213,64
C0009214,364
C0009262,549
C0009279,18
C0009315,28
C0009316,320
C0009325,2
C0009968,3220
C0009975,1
C0010124,247
C0010137,639
C0010192,273
C0010203,4
C0010206,114
C0010286,1390
C0010294,13679
C0010303,9
C0010347,183
C0010467,37
C0010502,5
C0010523,9
C0010525,1
C0010547,10
C0010560,7
C0010575,3
C0010581,1
C0010582,203
C0010583,7114
C0010587,14
C0010590,63
C0010592,5017
C0010620,143
C0010648,149
C0010654,681
C0010682,460
C0010711,2163
C0010725,35
C0010749,80
C0010906,5
C0010927,520
C0010934,1271
C0010961,167
C0010976,167
C0010980,567
C0011015,1050
C0011064,8
C0011082,18
C0011134,17
C0011145,696
C0011177,19
C0011182,4
C0011185,1243
C0011259,1
C0011276,12
C0011279,42
C0011479,96
C0011498,3
C0011519,11
C0011522,4
C0011588,8
C0011602,188
C0011685,125
C0011689,1
C0011701,823
C0011705,25
C0011707,9
C0011710,171
C0011777,4322
C0011779,3
C0011786,109
C0011792,1688
C0011812,1166
C0011816,157
C0011817,9
C0011821,18
C0011824,14
C0011892,791
C0011961,1
C0011967,6
C0012004,168
C0012010,1180
C0012020,1
C0012022,399
C0012024,25
C0012050,48
C0012052,147
C0012054,13
C0012066,78
C0012081,14
C0012082,4
C0012086,5
C0012087,23
C0012091,301
C0012093,54
C0012125,56
C0012131,1
C0012132,25
C0012133,191
C0012145,6
C0012191,260
C0012194,8
C0012201,6
C0012203,404
C0012227,22
C0012228,5
C0012257,1
C0012258,30
C0012264,21
C0012265,911
C0012271,45
C0012289,1
C0012290,2
C0012291,38
C0012294,8
C0012299,1
C0012305,2
C0012306,137
C0012319,34
C0012322,3
C0012324,17
C0012341,15
C0012367,7
C0012373,79
C0012381,42
C0012383,60
C0012384,297
C0012390,5
C0012403,128
C0012426,10
C0012447,5
C0012460,106
C0012471,490
C0012472,1551
C0012495,2
C0012498,12
C0012522,291
C0012525,28
C0012551,959
C0012572,2
C0012582,288
C0012586,185
C0012702,52
C0012757,1
C0012772,20
C0012963,383
C0013015,140
C0013030,2253
C0013065,18
C0013084,69
C0013085,27
C0013089,3181
C0013090,755
C0013092,61
C0013136,201
C0013254,530
C0013340,76
C0013355,16
C0013360,2
C0013495,4
C0013547,25
C0013615,53
C0013618,371
C0013900,17
C0013954,6
C0013974,19
C0014025,262
C0014027,20
C0014035,165
C0014063,569
C0014277,188
C0014295,7
C0014310,9
C0014448,630
C0014479,476
C0014485,8
C0014561,7
C0014563,3105
C0014582,198
C0014594,19
C0014654,1
C0014695,183
C0014704,58
C0014705,16
C0014708,1
C0014710,43
C0014713,5
C0014757,23
C0014806,1980
C0014838,6
C0014839,5
C0014892,1
C0014899,38
C0014912,4428
C0014927,1089
C0014938,43
C0014942,486
C0014960,33
C0014963,20
C0014964,447
C0014968,17
C0014987,2
C0014994,1525
C0015008,4
C0015011,1419
C0015018,63
C0015020,41
C0015021,63
C0015042,5
C0015043,221
C0015046,3
C0015058,17
C0015081,2
C0015091,68
C0015099,1
C0015101,9
C0015109,2
C0015116,14
C0015117,53
C0015120,24
C0015121,69
C0015131,144
C0015133,3142
C0015134,5
C0015137,109
C0015153,165
C0015205,32
C0015505,317
C0015528,229
C0015533,229
C0015620,59
C0015637,1
C0015689,3409
C0015707,1
C0015772,7
C0015777,6
C0015821,3
C0015822,1
C0015827,109
C0015833,22
C0015837,4
C0015840,337
C0015843,4
C0015846,2701
C0015848,6
C0015888,8
C0015980,215
C0015982,1231
C0016006,2917
C0016016,112
C0016055,884
C0016072,123
C0016156,3
C0016157,564
C0016225,6
C0016229,227
C0016245,3
C0016267,184
C0016277,954
C0016278,253
C0016280,265
C0016282,10
C0016293,108
C0016294,9
C0016295,97
C0016296,69
C0016298,104
C0016299,21
C0016301,43
C0016343,23
C0016351,37
C0016360,464
C0016365,588
C0016366,30
C0016367,13
C0016368,24
C0016369,14
C0016374,4
C0016375,5
C0016377,37
C0016380,1
C0016383,3
C0016384,59
C0016388,31
C0016410,5728
C0016564,1055
C0016576,126
C0016584,1055
C0016610,194
C0016673,17
C0016745,829
C0016778,16
C0016786,122
C0016849,11
C0016855,71
C0016860,1023
C0016865,3
C0016875,147
C0016895,16
C0016904,686
C0016911,1043
C0016945,723
C0016967,10
C0016971,12
C0016972,7
C0016986,3
C0017054,83
C0017066,788
C0017132,94
C0017226,1
C0017237,351
C0017245,21
C0017440,90
C0017505,1
C0017507,6
C0017592,4
C0017628,199
C0017631,15
C0017642,19
C0017687,1150
C0017697,61
C0017718,84
C0017725,19300
C0017735,84
C0017797,1026
C0017817,1303
C0017845,8
C0017861,596
C0017887,368
C0017889,75
C0017890,1368
C0017903,14
C0017905,61
C0017970,151
C0018026,45
C0018033,16
C0018034,29
C0018096,2
C0018157,23
C0018160,23
C0018164,23
C0018165,23
C0018242,182
C0018304,4
C0018305,19
C0018312,3
C0018318,12
C0018330,271
C0018473,19
C0018513,15
C0018546,437
C0018549,1209
C0018602,3
C0018605,5
C0018880,170
C0018927,19
C0018959,19
C0018964,568
C0018966,66
C0018988,29
C0019046,15267
C0019067,68
C0019134,2863
C0019165,5584
C0019217,1
C0019223,1
C0019392,5
C0019435,41
C0019453,2
C0019467,3
C0019468,4
C0019469,11
C0019471,1
C0019476,55
C0019497,1
C0019588,1349
C0019602,572
C0019878,1828
C0019881,23
C0020196,834
C0020207,14
C0020223,200
C0020259,104
C0020261,177
C0020264,101
C0020268,8898
C0020273,1
C0020274,22
C0020275,3707
C0020281,419
C0020306,22
C0020316,139
C0020336,545
C0020352,142
C0020388,406
C0020402,1021
C0020404,190
C0020411,48
C0020600,29
C0020684,298
C0020740,1286
C0020752,1
C0020789,230
C0020811,48
C0020814,107
C0020818,45
C0020823,1288
C0020923,528
C0020933,502
C0020934,294
C0021186,1
C0021210,94
C0021218,36
C0021219,24
C0021223,230
C0021234,324
C0021236,362
C0021246,1525
C0021251,3
C0021252,2
C0021528,156
C0021544,2
C0021547,493
C0021641,357
C0021665,291
C0021666,586
C0021734,78
C0021735,115
C0021741,6
C0021756,1714
C0021757,137
C0021758,1173
C0021761,138
C0021764,122
C0021918,112
C0021936,372
C0021961,3
C0021966,373
C0021968,5147
C0021971,5
C0021978,26
C0021983,73
C0022003,5
C0022005,253
C0022026,99
C0022028,8
C0022029,7
C0022030,4
C0022032,116
C0022034,273
C0022041,23
C0022046,107
C0022049,9
C0022059,1
C0022092,52
C0022115,1
C0022154,4
C0022174,120
C0022176,21
C0022179,126
C0022180,672
C0022181,10
C0022192,507
C0022209,1485
C0022210,1
C0022230,80
C0022237,137
C0022245,378
C0022251,11
C0022252,60
C0022265,456
C0022267,59
C0022322,556
C0022419,51
C0022432,2
C0022487,231
C0022489,231
C0022499,103
C0022614,1640
C0022616,20
C0022625,406
C0022635,114
C0022642,211
C0022683,225
C0022723,2
C0022816,79
C0022818,227
C0022840,3
C0022860,223
C0022939,186
C0022942,587
C0022949,1145
C0022957,497
C0023024,33
C0023025,18
C0023139,37
C0023142,2
C0023401,1099
C0023413,683
C0023542,65
C0023544,21
C0023546,156
C0023551,4
C0023554,2
C0023556,270
C0023566,1076
C0023570,748
C0023582,36
C0023586,5
C0023607,3814
C0023610,2410
C0023660,1884
C0023665,1
C0023726,85
C0023749,776
C0023754,17
C0023791,53
C0023863,15
C0023929,2
C0023961,2
C0023972,189
C0023992,73
C0024001,1
C0024002,320
C0024027,74
C0024056,11
C0024100,61
C0024192,80
C0024200,10
C0024321,89
C0024328,68
C0024334,49
C0024337,897
C0024452,10
C0024467,3161
C0024472,27
C0024476,38
C0024477,60
C0024480,1327
C0024547,128
C0024643,1180
C0024658,101
C0024706,1045
C0024730,687
C0024742,187
C0024778,11
C0024808,3463
C0024977,12
C0025023,422
C0025029,3
C0025033,321
C0025039,19
C0025042,7
C0025051,3
C0025132,2
C0025145,3
C0025152,55
C0025153,397
C0025156,1
C0025179,377
C0025217,42
C0025219,824
C0025241,949
C0025242,35
C0025270,15
C0025326,3697
C0025368,94
C0025373,2
C0025376,743
C0025380,7
C0025381,22
C0025382,19
C0025384,124
C0025386,16
C0025387,12
C0025397,25
C0025402,84
C0025405,25
C0025417,20
C0025497,4
C0025503,6
C0025506,151
C0025575,19
C0025598,939
C0025603,3
C0025605,1139
C0025607,4
C0025611,420
C0025616,14
C0025617,118
C0025624,1
C0025625,2
C0025627,9
C0025629,1
C0025631,1
C0025638,26
C0025639,3
C0025641,13
C0025643,1745
C0025644,404
C0025646,1169
C0025649,3
C0025656,1
C0025659,7
C0025668,141
C0025677,6476
C0025678,22
C0025681,15
C0025684,68
C0025688,46
C0025696,1
C0025716,9
C0025729,101
C0025741,182
C0025746,279
C0025760,49
C0025787,561
C0025805,1
C0025810,2553
C0025815,3335
C0025819,69
C0025826,20
C0025828,7
C0025830,1
C0025840,2
C0025842,9
C0025845,2
C0025853,452
C0025854,8
C0025859,187
C0025865,9
C0025869,160
C0025872,1523
C0025876,157
C0025879,47
C0025887,71
C0025893,55
C0025912,43
C0025942,141
C0026056,2320
C0026078,39
C0026088,438
C0026156,87
C0026187,353
C0026196,77
C0026202,58
C0026218,8
C0026234,6
C0026236,3
C0026251,9
C0026252,18
C0026256,72
C0026259,241
C0026388,16
C0026400,2
C0026402,201
C0026408,12
C0026549,2524
C0026560,139
C0026651,146
C0026667,44
C0026818,4
C0026933,1031
C0026969,569
C0027138,50
C0027183,5
C0027235,235
C0027270,88
C0027289,6
C0027302,67
C0027324,78
C0027329,6
C0027348,137
C0027353,211
C0027355,5
C0027358,435
C0027360,127
C0027368,78
C0027373,16
C0027396,204
C0027444,44
C0027481,444
C0027556,12
C0027599,30
C0027603,246
C0027679,226
C0027752,553
C0027780,200
C0027893,189
C0027996,461
C0027999,2
C0028005,114
C0028008,2
C0028009,1
C0028017,45
C0028027,356
C0028040,2619
C0028053,1
C0028066,580
C0028067,14
C0028070,6
C0028073,63
C0028076,2
C0028089,2
C0028094,43
C0028095,3
C0028096,66
C0028101,7
C0028113,29
C0028116,2
C0028125,795
C0028126,68
C0028127,8
C0028128,4044
C0028132,18
C0028156,291
C0028157,15
C0028158,1708
C0028193,248
C0028214,35
C0028215,1773
C0028247,1
C0028277,6
C0028351,1635
C0028355,9
C0028356,405
C0028360,45
C0028365,135
C0028368,425
C0028369,9
C0028375,10
C0028403,10
C0028420,85
C0028426,4
C0028458,8
C0028460,138
C0028735,26
C0028741,169
C0028833,564
C0028902,397
C0028906,6
C0028923,6
C0028928,316
C0028978,425
C0029105,2
C0029112,110
C0029193,102
C0029274,39
C0029276,10
C0029277,452
C0029297,218
C0029300,140
C0029309,14
C0029904,84
C0029983,294
C0029992,21
C0029994,76
C0029995,159
C0029997,43
C0030031,6
C0030032,3
C0030040,16
C0030049,285
C0030054,12963
C0030071,43
C0030072,53
C0030073,17
C0030078,14
C0030080,1
C0030082,3
C0030086,13
C0030092,66
C0030095,2956
C0030106,913
C0030123,95
C0030125,64
C0030140,14
C0030234,435
C0030298,93
C0030304,153
C0030310,277
C0030342,146
C0030346,63
C0030350,42
C0030438,28
C0030454,5
C0030480,22
C0030520,2884
C0030557,3
C0030576,91
C0030710,18
C0030771,56
C0030775,1145
C0030800,60
C0030815,5
C0030817,450
C0030827,783
C0030830,64
C0030840,393
C0030858,187
C0030859,139
C0030863,142
C0030873,82
C0030883,221
C0030885,3
C0030888,5
C0030895,223
C0030896,28
C0030899,142
C0030903,3
C0030909,180
C0030968,2
C0030969,3
C0031007,17
C0031013,2
C0031184,32
C0031237,1861
C0031262,143
C0031364,21
C0031379,7
C0031381,70
C0031392,11
C0031398,16
C0031404,7
C0031406,13
C0031408,11
C0031411,2
C0031412,2032
C0031422,2
C0031430,15
C0031432,7
C0031434,110
C0031441,95
C0031444,45
C0031447,18
C0031448,75
C0031453,1985
C0031463,30
C0031469,452
C0031488,6
C0031495,92
C0031499,38
C0031507,1898
C0031560,5
C0031562,3
C0031566,13
C0031592,10
C0031617,1451
C0031634,351
C0031635,7
C0031642,14
C0031676,3409
C0031681,8
C0031696,26
C0031700,71
C0031705,3098
C0031721,11
C0031849,87
C0031855,163
C0031862,1072
C0031875,125
C0031890,5
C0031923,110
C0031933,2
C0031935,72
C0031937,46
C0031938,1
C0031953,6
C0031955,465
C0031957,940
C0031962,45
C0031965,2
C0031968,1
C0031977,442
C0031978,79
C0031979,3
C0031982,34
C0031990,46
C0032032,45
C0032036,24
C0032066,2
C0032140,476
C0032143,716
C0032172,125
C0032207,399
C0032254,4
C0032333,24
C0032334,117
C0032375,355
C0032393,1
C0032478,13
C0032479,1145
C0032483,1145
C0032493,15
C0032535,134
C0032600,1
C0032601,62
C0032613,1
C0032704,45
C0032821,3519
C0032823,2
C0032825,349
C0032831,166
C0032838,21
C0032856,87
C0032857,339
C0032896,10
C0032899,3
C0032910,8
C0032911,1143
C0032912,92
C0032949,3
C0032950,4670
C0032952,6403
C0033008,76
C0033056,4
C0033059,1
C0033124,327
C0033126,305
C0033148,188
C0033209,96
C0033215,17
C0033216,86
C0033218,138
C0033223,568
C0033228,40
C0033229,60
C0033254,5
C0033294,16
C0033308,4125
C0033362,247
C0033382,504
C0033399,23
C0033401,2
C0033405,182
C0033429,95
C0033439,25
C0033447,20
C0033459,7
C0033468,15
C0033472,12
C0033473,2
C0033487,2199
C0033492,28
C0033493,64
C0033497,1707
C0033501,3
C0033508,1
C0033509,3
C0033511,385
C0033532,42
C0033567,653
C0033602,16
C0033603,210
C0033631,244
C0033705,11
C0033706,1189
C0033743,6
C0033798,120
C0033850,13
C0033979,17
C0034131,47
C0034145,8
C0034170,93
C0034235,104
C0034239,440
C0034245,410
C0034261,228
C0034263,134
C0034266,258
C0034268,16
C0034272,1176
C0034282,6
C0034283,1063
C0034295,4
C0034330,32
C0034338,31
C0034392,20
C0034403,51
C0034404,5
C0034410,5
C0034414,135
C0034417,647
C0034423,903
C0034504,1150
C0034632,37
C0034665,302
C0034917,1303
C0035158,14
C0035179,30
C0035417,62
C0035525,660
C0035526,81
C0035527,1019
C0035549,73
C0035554,4
C0035608,1980
C0035629,37
C0035633,2
C0035661,516
C0035750,1974
C0035823,3
C0035857,68
C0035871,15
C0035890,1
C0035891,77
C0035930,59
C0035976,36
C0036002,147
C0036023,66
C0036048,34
C0036071,6
C0036078,270
C0036079,229
C0036147,18
C0036193,14
C0036228,66
C0036442,173
C0036444,173
C0036516,21
C0036534,8
C0036579,21
C0036581,1733
C0036584,27
C0036637,11
C0036720,459
C0036751,1760
C0036773,3580
C0036845,27
C0036860,29
C0037098,225
C0037105,64
C0037107,105
C0037125,518
C0037129,141
C0037134,156
C0037138,38
C0037167,48
C0037209,32
C0037487,69
C0037494,2039
C0037501,17
C0037506,186
C0037508,463
C0037512,9
C0037517,80
C0037521,30
C0037537,83
C0037556,69
C0037659,677
C0037668,4
C0037688,229
C0037707,127
C0037732,267
C0037760,2
C0037871,101
C0037874,97
C0037907,84
C0037956,9
C0037962,132
C0037982,287
C0038071,131
C0038143,29
C0038148,400
C0038149,42
C0038164,11
C0038229,183
C0038418,236
C0038425,556
C0038432,43
C0038627,572
C0038633,56
C0038636,1613
C0038665,307
C0038666,10
C0038670,23
C0038675,220
C0038676,3
C0038679,773
C0038681,1
C0038683,30
C0038684,6
C0038685,6
C0038686,31
C0038687,20
C0038689,1460
C0038693,3
C0038700,9
C0038702,90
C0038706,5
C0038710,35
C0038722,7
C0038727,100
C0038742,5
C0038744,2
C0038745,75
C0038753,20
C0038777,619
C0038779,103
C0038784,42
C0038792,34
C0038803,64
C0038807,60
C0038878,10
C0038880,13
C0039086,1
C0039245,1
C0039266,2
C0039267,7
C0039286,177
C0039294,17
C0039297,10
C0039350,488
C0039356,17
C0039358,42
C0039416,384
C0039419,164
C0039468,36
C0039512,174
C0039542,574
C0039600,29
C0039601,5823
C0039607,29
C0039614,1
C0039623,42
C0039629,162
C0039644,1280
C0039654,224
C0039663,204
C0039677,2
C0039692,6
C0039705,11
C0039736,300
C0039763,61
C0039771,1319
C0039832,98
C0039834,20
C0039840,948
C0039848,76
C0039854,25
C0039855,65
C0039865,2
C0039867,192
C0039871,404
C0039902,551
C0039925,700
C0039943,85
C0039947,1
C0039955,7
C0039962,15
C0040005,362
C0040018,1189
C0040052,285
C0040096,68
C0040108,1
C0040123,1255
C0040160,4581
C0040162,741
C0040165,4807
C0040180,35
C0040193,133
C0040207,72
C0040209,1
C0040219,4
C0040233,180
C0040263,98
C0040302,172
C0040341,728
C0040372,3
C0040373,116
C0040374,100
C0040377,75
C0040379,6
C0040382,6
C0040383,176
C0040610,425
C0040613,444
C0040636,16
C0040778,16
C0040779,2
C0040805,54
C0040815,8
C0040829,1
C0040845,774
C0040846,2
C0040853,15
C0040864,634
C0040869,16
C0040878,1
C0040879,22
C0040898,70
C0040899,5
C0040905,63
C0040958,231
C0040964,5
C0040975,9
C0040976,63
C0040979,20
C0040983,3
C0040987,17
C0040988,2
C0040989,3
C0041009,70
C0041014,1921
C0041023,8
C0041030,5
C0041031,58
C0041037,1
C0041038,13
C0041040,13
C0041041,1636
C0041056,5
C0041073,42
C0041086,5
C0041090,7
C0041098,14
C0041165,26
C0041175,60
C0041190,141
C0041236,531
C0041249,850
C0041286,1
C0041345,94
C0041385,1
C0041411,20
C0041417,62
C0041441,6
C0041469,97
C0041479,41
C0041484,50
C0041485,1797
C0041499,2
C0041536,343
C0041660,2
C0041917,114
C0041942,10
C0041964,4
C0041980,2301
C0041984,298
C0042071,297
C0042105,450
C0042147,88
C0042285,722
C0042287,1
C0042291,3146
C0042306,106
C0042313,2495
C0042315,7
C0042395,226
C0042523,380
C0042646,501
C0042665,22
C0042670,993
C0042674,1
C0042679,4941
C0042682,77
C0042697,1
C0042754,13
C0042839,2834
C0042845,1825
C0042866,9062
C0042874,2186
C0042878,1072
C0043031,905
C0043047,10671
C0043112,7
C0043314,172
C0043328,243
C0043339,188
C0043355,1
C0043366,5
C0043369,196
C0043375,230
C0043392,647
C0043465,7
C0043474,1387
C0043479,2
C0043491,213
C0043572,16
C0043603,413
C0043606,1
C0043668,6
C0043822,158
C0043832,196
C0043872,1
C0043904,10
C0043982,1
C0043992,4
C0044018,2
C0044170,6
C0044401,2
C0044410,60
C0044438,8
C0044470,14
C0044472,1
C0044680,1
C0044923,80
C0044971,97
C0045027,1
C0045093,128
C0045110,3
C0045214,2
C0045287,7
C0045436,4
C0045511,11
C0045888,6
C0045967,1
C0045968,4
C0046054,1
C0046056,290
C0046078,2
C0046100,5
C0046196,3
C0046237,24
C0046252,2
C0046319,7
C0046343,61
C0046519,1
C0046699,4
C0046882,15
C0046948,17
C0047006,2
C0047317,6
C0047506,582
C0047521,5
C0047589,1
C0047611,1
C0047666,25
C0047683,138
C0047696,9
C0047729,4
C0047845,1
C0048007,2
C0048038,13
C0048044,465
C0048045,1
C0048047,7
C0048176,1023
C0048197,1
C0048207,2
C0048212,6
C0048320,1
C0048323,21
C0048365,1
C0048386,4
C0048392,2
C0048451,4
C0048470,40
C0048498,2
C0048504,24
C0048571,1
C0048572,3
C0048581,24
C0048678,60
C0048721,1
C0048852,1
C0048897,365
C0048898,66
C0048916,1
C0049065,56
C0049104,38
C0049244,11
C0049289,2
C0049482,21
C0049506,68
C0049620,2
C0049775,17
C0049776,3
C0050175,41
C0050308,3
C0050378,9
C0050393,30
C0050403,3
C0050409,1
C0050423,281
C0050445,13
C0050451,4
C0050455,1
C0050459,12
C0050461,16
C0050465,4
C0050558,4
C0050559,144
C0050940,131
C0051027,1
C0051034,2
C0051066,1
C0051080,7
C0051150,5
C0051156,81
C0051162,8
C0051200,2
C0051243,3
C0051254,1
C0051336,59
C0051395,34
C0051397,22
C0051398,2
C0051405,485
C0051441,7
C0051482,58
C0051510,4
C0051515,1
C0051519,30
C0051570,1
C0051601,1
C0051607,3
C0051692,18
C0051696,113
C0051706,3
C0051721,3
C0051736,6
C0051771,2
C0051809,20
C0051821,4
C0051839,2
C0051857,18
C0051871,1035
C0051920,5
C0051959,28
C0052080,3
C0052231,1
C0052300,29
C0052327,9
C0052416,127
C0052422,3
C0052427,6
C0052429,614
C0052430,1640
C0052432,850
C0052506,2
C0052565,1
C0052585,9
C0052591,2
C0052593,1
C0052657,1
C0052759,6
C0052761,21
C0052762,79
C0052772,6
C0052796,1603
C0052865,14
C0052882,127
C0052919,3
C0052927,1
C0052934,1
C0052940,4
C0052944,10
C0053071,1
C0053091,9
C0053105,1
C0053108,1
C0053111,1
C0053114,8
C0053116,2
C0053122,9
C0053140,2
C0053163,1
C0053183,367
C0053185,1
C0053225,252
C0053229,9
C0053230,105
C0053233,82
C0053258,122
C0053289,31
C0053301,62
C0053302,2
C0053323,7
C0053327,9
C0053332,4
C0053336,24
C0053355,4
C0053396,620
C0053407,24
C0053454,2
C0053490,3
C0053526,34
C0053529,1
C0053570,19
C0053618,9
C0053622,4
C0053774,7
C0053776,4
C0053786,1
C0053790,9
C0053791,1
C0053792,23
C0053799,34
C0053800,114
C0053817,6
C0053881,5
C0053882,86
C0053942,9
C0054015,25
C0054034,118
C0054036,9
C0054040,4
C0054084,8
C0054094,2
C0054122,19
C0054129,2
C0054130,1
C0054138,1
C0054145,48
C0054147,5
C0054151,2
C0054173,2
C0054201,1190
C0054207,2
C0054234,6
C0054235,1
C0054236,3
C0054249,1
C0054252,8
C0054259,1
C0054267,1
C0054275,2
C0054302,33
C0054312,347
C0054314,10
C0054332,2
C0054340,6
C0054409,1
C0054422,1
C0054471,1
C0054480,6
C0054483,9
C0054562,1
C0054568,1
C0054589,2
C0054593,5
C0054598,1
C0054616,64
C0054631,8
C0054642,8
C0054658,17
C0054667,1
C0054668,2
C0054670,41
C0054672,6
C0054700,1
C0054721,8
C0054727,1
C0054734,1
C0054773,2
C0054797,4
C0054827,1
C0054836,84
C0054838,1
C0054876,8
C0054995,4
C0054999,4
C0055000,21
C0055003,252
C0055004,7
C0055006,25
C0055007,24
C0055008,5
C0055010,22
C0055011,100
C0055013,4
C0055014,31
C0055021,3
C0055075,5
C0055082,7
C0055086,2
C0055108,35
C0055146,1
C0055147,215
C0055151,17
C0055152,1
C0055332,6
C0055337,6
C0055339,32
C0055353,2
C0055370,11
C0055402,3
C0055443,70
C0055445,1
C0055463,4
C0055470,20
C0055477,2
C0055556,4
C0055565,22
C0055568,168
C0055573,1
C0055578,13
C0055617,5
C0055661,1
C0055676,1
C0055709,2
C0055711,25
C0055720,6
C0055723,5
C0055724,1
C0055729,8
C0055736,3
C0055738,7
C0055740,1
C0055753,2
C0055754,6
C0055762,5
C0055775,1
C0055819,453
C0055856,836
C0055860,502
C0055869,2
C0055891,282
C0055894,1
C0055895,47
C0055897,3
C0055899,2
C0055915,1
C0055930,3
C0055936,4
C0055964,2
C0056036,56
C0056039,21
C0056057,4
C0056060,53
C0056170,1
C0056224,1
C0056270,3
C0056301,47
C0056315,4
C0056387,15
C0056391,34
C0056396,2
C0056499,148
C0056501,1
C0056503,2
C0056519,4
C0056593,6
C0056595,1
C0056598,1
C0056603,1
C0056643,5
C0056732,11
C0056751,16
C0056760,86
C0056836,22
C0056849,49
C0056855,240
C0056867,7
C0056889,437
C0056913,4
C0057090,68
C0057091,3
C0057135,1
C0057143,1
C0057144,100
C0057218,6
C0057231,3
C0057232,1
C0057233,69
C0057239,19
C0057257,83
C0057258,106
C0057276,1
C0057277,1212
C0057296,1
C0057301,1
C0057362,1
C0057420,1
C0057437,15267
C0057457,4
C0057558,454
C0057577,2
C0057598,10
C0057605,2
C0057606,14
C0057610,26
C0057621,224
C0057626,6
C0057678,4
C0057732,225
C0057749,8
C0057763,3
C0057831,1
C0057846,1
C0057916,62
C0057981,1
C0057993,3
C0058004,7
C0058031,7
C0058038,1
C0058056,14
C0058181,3
C0058192,1
C0058218,26
C0058224,23
C0058231,7
C0058310,2
C0058347,12963
C0058371,1
C0058379,51
C0058381,2
C0058383,3
C0058389,3
C0058415,4
C0058425,1
C0058426,4
C0058445,7
C0058446,2
C0058460,3
C0058470,3
C0058518,4
C0058632,2
C0058638,1
C0058677,1
C0058678,4
C0058702,4
C0058716,7
C0058721,7
C0058753,1
C0058762,11
C0058815,1
C0058895,26
C0058916,8
C0058978,4
C0059080,4
C0059372,6
C0059374,9
C0059424,8
C0059438,17
C0059459,1
C0059469,1
C0059477,2
C0059506,5
C0059610,14
C0059623,61
C0059668,20
C0059676,1
C0059678,2
C0059680,1
C0059682,1
C0059696,975
C0059699,46
C0059752,7
C0059772,2
C0059788,61
C0059859,1
C0059862,4
C0059865,5
C0059867,1
C0059868,2
C0059985,837
C0060069,1
C0060128,1
C0060135,58
C0060156,3
C0060180,16
C0060183,2
C0060192,4
C0060194,1
C0060197,13
C0060201,2
C0060203,7
C0060228,7
C0060229,16
C0060231,2
C0060234,32
C0060235,20
C0060236,2
C0060237,1
C0060240,66
C0060241,60
C0060246,33
C0060274,45
C0060275,1
C0060276,78
C0060277,20
C0060281,4
C0060282,248
C0060291,2
C0060304,1
C0060389,18
C0060400,265
C0060405,113
C0060440,8
C0060466,7
C0060477,11
C0060485,1
C0060491,1
C0060493,2
C0060501,61
C0060507,12
C0060508,3
C0060520,1157
C0060583,4
C0060587,1
C0060656,6
C0060657,327
C0060659,1
C0060670,1
C0060694,10
C0060696,3
C0060775,11
C0060787,4218
C0060808,1
C0060819,4
C0060825,12
C0060848,1
C0060879,7
C0060926,326
C0060929,34
C0060930,17
C0060933,558
C0060934,558
C0061008,1
C0061060,5
C0061078,95
C0061179,3
C0061187,35
C0061202,89
C0061223,7
C0061230,1
C0061231,1
C0061239,5
C0061246,156
C0061256,7
C0061268,4
C0061271,1
C0061278,8
C0061323,8
C0061347,1
C0061366,267
C0061387,3
C0061418,101
C0061450,1
C0061472,648
C0061506,87
C0061516,133
C0061579,3
C0061626,1
C0061735,3
C0061751,37
C0061762,11
C0061764,70
C0061851,516
C0061863,100
C0061932,1
C0061996,14
C0062068,2
C0062073,19
C0062095,2
C0062097,5
C0062106,2
C0062212,9
C0062525,134
C0062527,5584
C0062585,5
C0062615,1
C0062619,1
C0062637,2
C0062648,5
C0062725,50
C0062758,4
C0062922,14
C0062923,2
C0062941,17
C0062986,34
C0063033,1
C0063041,86
C0063055,24
C0063077,14
C0063079,1
C0063090,2
C0063103,7
C0063124,3
C0063131,12
C0063188,5
C0063208,3
C0063217,4
C0063220,2
C0063238,8
C0063242,12
C0063252,168
C0063322,43
C0063327,4
C0063340,2
C0063384,2
C0063449,1
C0063469,2
C0063479,1
C0063491,5
C0063507,1
C0063657,357
C0063739,2
C0063757,15
C0063768,1
C0063779,33
C0063810,7
C0063815,7
C0063817,25
C0063828,3
C0063830,3
C0063865,4
C0063908,11
C0063935,3
C0063936,11
C0063942,3
C0063953,6
C0063964,5
C0063986,1
C0063997,2
C0064030,3
C0064032,6
C0064039,2
C0064056,2
C0064079,34
C0064094,32
C0064113,582
C0064161,2
C0064165,1
C0064263,10
C0064311,12
C0064312,2
C0064332,10
C0064568,3
C0064582,1625
C0064585,10
C0064598,2
C0064636,895
C0064683,2
C0064694,16
C0064698,3
C0064777,1
C0064858,4
C0064870,38
C0064874,30
C0064906,39
C0064990,1
C0065023,8
C0065040,4
C0065088,20
C0065152,2
C0065162,14
C0065180,177
C0065183,5
C0065185,3
C0065199,5
C0065254,1
C0065261,2
C0065264,6
C0065295,27
C0065331,154
C0065374,49
C0065390,1
C0065506,32
C0065517,1
C0065527,13
C0065533,11
C0065555,2
C0065571,8
C0065583,6
C0065591,15
C0065600,10
C0065601,105
C0065615,3
C0065636,25
C0065656,1
C0065688,10
C0065760,1
C0065767,67
C0065832,2
C0065835,1
C0065839,11
C0065841,1
C0065844,40
C0065864,698
C0065865,2
C0065879,72
C0065933,2
C0065935,33
C0065936,3
C0065942,1
C0065944,3
C0065950,1
C0065961,1
C0065972,8
C0066005,691
C0066080,5321
C0066153,2
C0066234,4
C0066256,12
C0066282,3
C0066318,68
C0066411,14
C0066412,2
C0066415,100
C0066465,14
C0066469,4
C0066477,4
C0066502,3
C0066520,2
C0066522,2
C0066531,11
C0066561,2
C0066621,120
C0066673,9
C0066677,57
C0066695,6
C0066700,222
C0066767,3
C0066770,1
C0066801,5
C0066803,4
C0066805,1
C0066816,62
C0066837,2
C0067116,1
C0067182,1
C0067305,57
C0067385,207
C0067742,6
C0067748,1
C0067783,8
C0067794,6
C0067878,1
C0067889,48
C0067899,2
C0067928,32
C0068006,82
C0068122,2
C0068144,5
C0068252,13
C0068333,4
C0068334,7
C0068367,9
C0068377,4
C0068395,8
C0068397,3
C0068450,5
C0068475,6
C0068476,36
C0068483,151
C0068485,19
C0068527,477
C0068673,8
C0068689,95
C0068699,2
C0068700,10
C0068711,6
C0068722,2619
C0068742,2
C0068787,1
C0068788,65
C0068808,80
C0068821,8
C0068828,15
C0068881,1
C0068897,46
C0068922,1
C0068955,9
C0068971,16
C0068978,9
C0068981,61
C0068992,85
C0069008,1
C0069021,2
C0069035,3
C0069072,12
C0069343,1
C0069351,8
C0069370,2
C0069392,2
C0069397,1
C0069449,286
C0069454,5
C0069456,11
C0069477,17
C0069492,1
C0069562,1
C0069638,1
C0069693,1
C0069709,1
C0069715,63
C0069717,78
C0069734,22
C0069749,1
C0069751,409
C0069760,1
C0069765,5
C0069776,8
C0069803,109
C0069805,192
C0069821,1
C0069833,1
C0069962,67
C0069964,14
C0069966,48
C0070034,4
C0070062,87
C0070066,1055
C0070072,1
C0070073,1
C0070093,52
C0070108,2524
C0070122,254
C0070124,1
C0070126,7
C0070139,3
C0070166,99
C0070191,1
C0070203,46
C0070217,1
C0070286,21
C0070306,3
C0070325,7
C0070358,112
C0070359,8
C0070395,19
C0070419,2
C0070426,1
C0070455,292
C0070476,114
C0070477,45
C0070525,3
C0070549,2
C0070557,2
C0070559,78
C0070570,1054
C0070585,11
C0070620,72
C0070627,29
C0070679,1
C0070694,16
C0070731,2
C0070742,3
C0070817,25
C0070878,5
C0070895,141
C0070915,3
C0070939,17
C0070968,44
C0071021,5
C0071038,12
C0071043,1
C0071044,10
C0071071,1
C0071072,2
C0071082,1
C0071097,51
C0071098,15
C0071099,1
C0071102,16
C0071103,2
C0071105,325
C0071112,5
C0071126,50
C0071129,5
C0071132,1
C0071152,2
C0071214,15
C0071286,1
C0071304,20
C0071330,120
C0071359,5
C0071443,2
C0071545,20
C0071568,158
C0071686,5
C0071751,23
C0071755,3
C0071767,92
C0071768,20
C0071771,1
C0071772,4
C0071774,12
C0071778,46
C0071808,50
C0071810,1
C0071836,10
C0071839,16
C0071840,4
C0071842,5
C0071965,3
C0072027,1461
C0072032,43
C0072076,7
C0072151,1
C0072159,2
C0072171,1
C0072176,1
C0072185,2
C0072186,99
C0072198,155
C0072225,223
C0072238,88
C0072245,5
C0072247,2
C0072315,2
C0072489,6
C0072497,525
C0072510,26
C0072511,2
C0072565,2
C0072579,1
C0072591,2
C0072643,1
C0072652,1
C0072662,323
C0072716,8
C0072768,19
C0072780,9
C0072802,178
C0072804,6
C0072826,19
C0072857,4
C0072858,2
C0072865,5
C0072879,60
C0072916,180
C0072953,7
C0072954,1
C0072970,2
C0072973,41
C0072980,995
C0072988,252
C0073011,1
C0073012,2
C0073047,2
C0073076,8
C0073085,21
C0073096,29
C0073177,8
C0073188,144
C0073193,1
C0073194,2
C0073350,2
C0073354,4
C0073358,1
C0073371,76
C0073372,38
C0073374,53
C0073379,13
C0073393,854
C0073480,15
C0073560,33
C0073571,675
C0073589,32
C0073590,1
C0073591,1
C0073601,1
C0073603,7
C0073629,43
C0073631,295
C0073633,2
C0073704,2
C0073886,2
C0073898,5
C0073909,24
C0073917,4
C0073950,1
C0073983,1
C0073992,381
C0073994,18
C0073999,1
C0074018,1
C0074214,10
C0074238,8
C0074246,19
C0074247,3
C0074279,5
C0074280,51
C0074281,16
C0074289,7
C0074349,12
C0074389,1
C0074391,12
C0074393,413
C0074414,1773
C0074442,1
C0074493,30
C0074554,125
C0074568,1
C0074676,4
C0074710,19
C0074714,2
C0074719,6
C0074722,491
C0074726,8
C0074727,9
C0074732,8
C0074744,21
C0074747,5
C0074748,7
C0074757,2
C0074769,15
C0074909,1
C0075093,33
C0075160,1
C0075193,1
C0075227,1
C0075246,5
C0075262,66
C0075333,3
C0075429,150
C0075432,24
C0075503,1
C0075512,1
C0075539,1
C0075606,1
C0075618,6
C0075628,83
C0075630,1
C0075632,73
C0075639,99
C0075755,2
C0075783,4
C0075857,7
C0075861,1
C0075870,243
C0075928,477
C0075932,49
C0075982,1
C0076040,25
C0076075,2
C0076079,7
C0076080,344
C0076096,12
C0076107,6
C0076110,169
C0076115,5
C0076126,5
C0076141,1
C0076181,9
C0076184,2
C0076188,3
C0076189,73
C0076195,28
C0076275,35
C0076286,9
C0076289,3
C0076295,4
C0076316,1
C0076339,2
C0076341,2
C0076368,6
C0076380,5
C0076382,1
C0076456,3
C0076545,5
C0076611,5
C0076612,17
C0076616,9
C0076652,8
C0076653,11
C0076656,3
C0076660,6
C0076681,5
C0076693,3
C0076694,1
C0076705,6
C0076714,5
C0076733,12
C0076772,1
C0076784,2
C0076793,2
C0076799,7
C0076804,1
C0076823,537
C0076829,698
C0076836,2
C0076840,4
C0076843,25
C0076890,3
C0076891,3
C0076959,131
C0077015,1
C0077024,9
C0077025,1
C0077031,1
C0077034,5
C0077046,47
C0077063,2
C0077071,39
C0077072,43
C0077073,34
C0077088,6
C0077089,6
C0077094,1
C0077100,2
C0077144,2
C0077163,1
C0077189,10
C0077266,1
C0077274,2
C0077275,376
C0077316,1
C0077375,17
C0077410,2
C0077431,96
C0077497,15
C0077524,23
C0077539,3
C0077656,11
C0077666,1
C0077819,22
C0077857,11
C0077906,26
C0077981,5
C0077995,1
C0078048,1017
C0078049,16
C0078221,5
C0078257,86
C0078264,2
C0078373,49
C0078382,6
C0078388,2
C0078442,8
C0078517,4
C0078569,169
C0078595,1
C0078596,7
C0078643,30
C0078703,1
C0078752,102
C0078772,1
C0078774,13
C0078781,1
C0078784,1
C0078791,217
C0078794,309
C0078811,3
C0078814,7
C0078839,66
C0078840,1
C0078844,211
C0078847,20
C0078849,3
C0078956,2
C0079083,1412
C0079281,469
C0079349,16
C0079459,1958
C0079460,691
C0079466,122
C0079594,109
C0079856,3
C0079883,1640
C0080074,3
C0080225,23
C0080320,1
C0080356,3146
C0081002,33
C0081408,9
C0081437,3
C0081729,4
C0081876,56
C0081959,2
C0082035,2
C0082286,5
C0082607,847
C0082608,23
C0082646,21
C0082787,2
C0082944,1
C0082966,7
C0083028,11
C0083031,60
C0083072,3
C0083183,593
C0083220,14
C0083236,1
C0083256,1
C0083381,33
C0083535,1
C0083536,13
C0083812,9
C0083867,22
C0084186,25
C0084253,1
C0084528,1
C0084572,3
C0085149,2497
C0085154,10
C0085161,8
C0085170,49
C0085171,17
C0085173,136
C0085174,1261
C0085176,11
C0085191,2
C0085208,155
C0085217,153
C0085228,116
C0085231,15
C0085237,8
C0085242,10
C0085250,35
C0085251,11
C0085259,163
C0085260,1
C0085272,403
C0085295,3854
C0085379,287
C0085542,94
C0085721,161
C0085776,47
C0085845,1020
C0085980,1
C0085994,185
C0086024,514
C0086073,183
C0086108,4
C0086123,96
C0086140,555
C0086145,5
C0086191,16
C0086213,2
C0086244,55
C0086268,69
C0086428,13
C0086444,57
C0086477,10
C0086555,34
C0086605,39
C0086728,4
C0086761,95
C0086808,163
C0086985,3
C0087161,2834
C0087162,1176
C0087163,1829
C0087296,2
C0087870,4
C0089147,44
C0089267,70
C0089733,1
C0090306,49
C0092777,97
C0092801,110
C0093410,2
C0093999,4
C0094910,6
C0095278,1
C0095798,1
C0097101,27
C0097513,1
C0098350,3
C0099513,3
C0099808,29
C0100672,2
C0101632,29
C0102118,111
C0102137,81
C0102139,33
C0102840,22
C0103045,27
C0103097,3
C0103306,18
C0104013,1
C0104263,1
C0104449,22
C0104857,2
C0105205,8
C0105747,26
C0105750,61
C0105754,4
C0106127,102
C0106916,1
C0107497,3
C0107994,146
C0108092,18
C0108101,40
C0108121,21
C0108124,3
C0108342,20
C0108530,1
C0108941,27
C0109002,13
C0110038,502
C0112317,3
C0113211,14
C0113293,1080
C0113600,12
C0114397,708
C0114771,1
C0114873,43
C0115471,177
C0115656,3
C0116190,22
C0116568,1
C0116569,78
C0117234,1
C0117541,32
C0117881,59
C0117896,716
C0117899,7
C0117996,601
C0118168,8
C0118642,4
C0119192,1
C0120107,58
C0120436,2
C0120446,200
C0120726,78
C0121780,1
C0121902,29
C0122245,11
C0122922,162
C0122931,1
C0122932,8
C0123043,3
C0123091,304
C0123163,45
C0123509,2
C0123553,1
C0123619,1
C0123677,115
C0123865,3
C0123931,251
C0124008,6
C0125654,7
C0125656,1
C0125903,485
C0125997,4
C0126120,19
C0126174,117
C0126177,14
C0126774,26
C0126775,1
C0126777,6
C0126791,1
C0127061,1
C0127514,1
C0127615,318
C0128232,3
C0128513,223
C0128608,118
C0129341,11
C0129975,1
C0130137,10
C0132092,1
C0132326,1083
C0132515,73
C0132749,28
C0132776,33
C0133860,219
C0134102,1
C0134337,25
C0134796,1
C0136082,179
C0136123,7
C0137440,3
C0137904,5
C0137984,5
C0137988,3
C0137996,85
C0138037,5
C0138038,46
C0138305,1
C0138395,31
C0138666,19
C0139007,1
C0139693,3
C0139977,252
C0140182,2
C0140515,7
C0140575,51
C0140594,5
C0140610,22
C0141500,1
C0141756,2
C0141757,3
C0142046,35
C0142221,1
C0142710,29
C0142785,44
C0142822,4
C0142825,87
C0142890,45
C0143083,23
C0143961,9
C0143993,442
C0144567,22
C0144576,223
C0145028,1
C0145055,302
C0145106,243
C0145184,5
C0145185,57
C0145663,2
C0146010,15
C0146011,19
C0146224,295
C0146337,14
C0147942,168
C0148405,345
C0149368,38
C0149381,34
C0149500,1
C0162357,14
C0162480,5
C0162680,156
C0162745,165
C0162831,70
C0162922,18
C0163054,1
C0163055,1
C0163069,13
C0163115,1
C0163159,13
C0163272,1
C0163543,2
C0163557,8
C0163564,2
C0163642,48
C0163657,2
C0163703,2
C0163721,2
C0163748,11
C0164155,2
C0164398,115
C0164662,266
C0164674,1
C0164815,6
C0165032,128
C0165479,2
C0165590,27
C0165603,87
C0165631,84
C0165703,1
C0165747,3
C0165921,4
C0166237,63
C0166273,302
C0166524,1
C0167117,29
C0167626,15
C0167627,263
C0168273,65
C0168388,18
C0169964,9189
C0170531,93
C0170737,198
C0171023,410
C0171302,4
C0171346,3
C0171447,1
C0172379,1
C0172907,2
C0173050,10
C0173083,57
C0174883,66
C0174938,13
C0175022,3
C0175035,5
C0178487,2171
C0178525,30
C0178596,530
C0178626,20
C0178627,371
C0178638,5728
C0178695,834
C0178793,146
C0178882,450
C0202474,20
C0205679,11
C0205687,241
C0205758,68
C0205843,1
C0205996,21
C0206008,161
C0206026,3
C0206232,37
C0206460,396
C0206461,47
C0206788,4
C0206794,1
C0206816,1
C0207011,10
C0207214,6
C0207683,2
C0208225,1
C0208407,2
C0209210,13
C0209211,31
C0209227,19
C0209263,46
C0209337,339
C0209366,68
C0209368,1378
C0209475,24
C0209660,1
C0209738,1006
C0210380,1
C0210403,1
C0210630,1958
C0210638,68
C0210657,14
C0211011,2
C0211492,5
C0212361,1
C0212750,9
C0213314,2
C0213404,72
C0213771,35
C0214192,2
C0214439,1
C0215002,3
C0215087,5
C0215737,4
C0216046,1
C0216194,23
C0216231,98
C0216278,22
C0216660,152
C0216784,41
C0216938,1
C0216971,34
C0217385,18
C0218068,1
C0218166,1
C0218499,36
C0218633,691
C0218640,42
C0218986,11
C0219269,4
C0219461,53
C0220578,22
C0220802,347
C0220839,648
C0220853,71
C0220889,37
C0242531,344
C0242864,14
C0243264,5
C0243449,1
C0243666,11
C0243902,2
C0244221,1
C0244404,8
C0244485,213
C0244656,67
C0244672,1
C0244713,25
C0244714,25
C0244748,2
C0244821,7
C0244994,2
C0245109,658
C0245179,3
C0245194,1
C0245514,7
C0245561,52
C0245712,24
C0246154,36
C0246269,14
C0246415,93
C0246421,156
C0246584,35
C0246631,718
C0246689,13
C0246719,22
C0246904,68
C0247025,6
C0247194,2
C0247947,4
C0248719,15
C0249458,117
C0249529,4
C0249582,10
C0249692,45
C0250317,1
C0251504,8
C0251515,28
C0251516,28
C0252643,160
C0252667,30
C0253239,1
C0253336,1
C0253563,3
C0253787,318
C0253907,2
C0254119,63
C0254123,5718
C0254211,7
C0254215,3
C0254216,3
C0256089,10
C0256103,3
C0256552,1
C0257190,34
C0257343,21
C0257662,4
C0257685,144
C0257715,5
C0259507,22
C0262964,12
C0262965,17
C0280849,13
C0280858,379
C0280970,2
C0281351,3
C0281398,93
C0281581,46
C0281603,2
C0281666,16
C0281743,5
C0282045,210
C0282085,7
C0282327,17
C0282328,3
C0282386,757
C0282774,1
C0283986,22
C0284559,13
C0284573,6
C0284581,3
C0284620,30
C0284941,10
C0285590,10
C0286079,206
C0286382,4
C0286402,4
C0286651,107
C0286738,45
C0287041,1
C0287262,1
C0287573,57
C0287721,5
C0287806,50
C0287983,4
C0288165,7
C0288171,23
C0288672,19
C0288792,41
C0289313,66
C0289521,28
C0289779,71
C0289969,1
C0290883,60
C0291140,78
C0291772,2
C0292818,558
C0293227,1
C0293359,95
C0293969,3
C0294361,6
C0296800,60
C0296806,8
C0297635,10
C0297960,2
C0298067,10
C0298130,551
C0298346,1
C0299583,3282
C0299792,354
C0300205,34
C0301008,1
C0301037,1
C0301042,22
C0301063,919
C0301249,1
C0301302,90
C0301304,2
C0301359,475
C0301366,5
C0301370,21
C0301371,11
C0301374,7
C0301375,1
C0301387,1
C0301421,1
C0301465,1828
C0301499,1
C0301503,26
C0301504,2
C0301508,143
C0301513,3
C0301527,1
C0301704,233
C0302228,33
C0302583,162
C0302920,12963
C0302928,21
C0302933,272
C0302967,38
C0302995,125
C0303029,630
C0303212,29
C0303322,131
C0303403,1
C0303596,68
C0303667,2
C0304095,1
C0304114,1
C0304119,1
C0304315,182
C0304316,182
C0304348,2580
C0304441,1319
C0304456,162
C0304612,2
C0304625,1
C0304631,1
C0304632,1
C0304866,1
C0304925,3580
C0304955,2
C0304982,630
C0305030,1
C0305040,1
C0305048,4
C0305058,15
C0305062,2030
C0311668,11
C0314976,43
C0317925,4
C0337081,9
C0338344,1
C0347993,410
C0348029,2
C0350411,12963
C0352536,12
C0353490,4
C0353902,103
C0353946,18
C0354599,22
C0356357,7
C0357059,1
C0357084,10
C0357126,1664
C0357131,1664
C0358297,13
C0358321,1529
C0358606,66
C0359156,307
C0359299,10671
C0360518,19
C0360534,6
C0360564,52
C0369246,147
C0370086,122
C0373704,201
C0376160,16
C0376236,141
C0376541,1664
C0376597,1613
C0376637,94
C0376892,9
C0376959,1
C0377223,1
C0377265,925
C0377349,9
C0378366,18
C0378466,44
C0378482,23
C0378675,2
C0379135,64
C0379142,9
C0379149,1
C0379199,6
C0379200,6
C0379247,60
C0379624,5
C0379881,14
C0379955,18
C0380393,82
C0380453,1
C0382979,1
C0383429,282
C0384228,520
C0385234,1
C0385603,15
C0386917,1
C0387288,30
C0388013,18
C0388014,18
C0388638,1
C0388753,42
C0388976,11
C0389169,22
C0390368,1
C0390643,12
C0390645,1424
C0391001,39
C0391444,2
C0391770,40
C0392927,1
C0392938,144
C0392939,17
C0392999,1
C0393022,1831
C0393080,586
C0439908,1
C0439963,40
C0439995,3
C0440310,5
C0443369,1209
C0443469,51
C0443770,1
C0453269,2
C0458160,1
C0492835,28
C0520472,1
C0521943,1
C0522465,9
C0524639,8
C0524764,52
C0524770,1056
C0525005,177
C0525079,20
C0525094,36
C0525166,2
C0525227,37
C0525503,1
C0525678,1
C0526058,20
C0526280,7
C0526371,1
C0526399,4
C0526501,7
C0526950,13
C0527129,2
C0527189,41
C0527316,28
C0527379,8
C0527443,91
C0528023,3
C0528166,19
C0528458,1
C0529257,4
C0529793,461
C0530684,8
C0531104,561
C0531483,1
C0532362,2
C0532578,3
C0533545,8
C0533979,1
C0534301,21
C0534628,52
C0536004,2
C0536128,1
C0536495,182
C0537147,8
C0537150,9
C0537270,63
C0537439,20
C0537551,9
C0537670,60
C0537894,219
C0537916,251
C0538161,4
C0538727,18
C0538777,1
C0538927,99
C0539568,8
C0539751,1
C0540209,1
C0540301,235
C0540623,10
C0540694,28
C0540776,1
C0541153,13
C0541155,4
C0541315,266
C0543448,9
C0546173,1
C0546861,3181
C0555881,7
C0556150,1475
C0556246,8
C0589330,6
C0591085,70
C0591170,127
C0591457,82
C0591466,3
C0591617,1021
C0591789,38
C0591940,9
C0592532,2
C0593051,3
C0593408,23
C0594647,188
C0596004,1283
C0596019,1281
C0597277,35
C0597418,1676
C0597484,32
C0597765,140
C0600174,189
C0600175,3
C0600203,78
C0600214,1980
C0600296,5
C0600334,10
C0600370,1056
C0600489,11
C0600556,37
C0600611,4
C0604145,3
C0605222,13
C0605321,1
C0606070,3
C0609416,2
C0612688,1
C0613652,1
C0614721,1
C0616472,9
C0616474,9
C0617939,1
C0619323,1
C0620902,836
C0621857,15
C0628822,1
C0630631,71
C0630704,2
C0636067,15
C0637063,6
C0641983,4
C0645096,1
C0647750,3
C0648910,4
C0649350,12
C0650237,23
C0651667,2
C0653907,8
C0654036,1
C0654934,1
C0656780,4
C0657912,93
C0662811,1
C0662880,1
C0663182,113
C0663241,379
C0663483,2
C0663655,139
C0663733,11
C0663932,1273
C0664850,1
C0664965,2
C0666513,1
C0666743,1342
C0667581,29
C0668202,4
C0668961,3
C0669247,252
C0671970,35
C0672596,559
C0672708,35
C0673093,76
C0673470,1
C0673857,208
C0673892,850
C0673966,11
C0674428,458
C0674432,354
C0675974,1
C0676720,2
C0676831,208
C0677517,82
C0677667,3
C0677829,14
C0677942,11
C0678133,223
C0678449,3463
C0699278,2580
C0699300,1376
C0699305,1376
C0699376,5728
C0699601,954
C0699665,399
C0699817,7
C0700083,45
C0700189,153
C0700346,2
C0700413,143
C0700580,235
C0700602,31
C0700784,17
C0700903,486
C0700930,526
C0701180,2
C0701195,823
C0701492,26
C0701904,66
C0701928,1640
C0702049,385
C0702050,385
C0702060,1
C0702211,162
C0702232,5
C0717403,95
C0717537,8
C0717550,21
C0717551,1466
C0717668,1050
C0717670,5
C0717685,4
C0717758,576
C0717787,77
C0718043,5
C0718050,33
C0718070,121
C0718192,1
C0718290,9
C0718316,8
C0718495,4
C0718909,1
C0719064,1
C0719688,4
C0719741,10900
C0722641,23
C0723270,36
C0724349,586
C0724441,19
C0724526,3007
C0724532,1060
C0724551,138
C0724560,28
C0724584,2
C0724588,4218
C0724601,52
C0724624,417
C0724659,18
C0724672,1145
C0724695,8
C0724699,36
C0725101,3
C0725584,40
C0725616,453
C0727050,1
C0727537,3
C0728740,46
C0728747,46
C0728810,155
C0728873,5321
C0728898,520
C0730719,1
C0730920,307
C0732290,124
C0733397,3
C0733530,28
C0733609,1
C0733758,4218
C0733869,7
C0733899,168
C0740123,68
C0740138,15
C0740143,7
C0751599,215
C0751600,115
C0752270,39
C0753183,3
C0753474,2
C0753645,66
C0753678,83
C0754011,1
C0754022,1
C0754188,23
C0754280,3
C0754570,5
C0754647,3
C0754659,3
C0754820,3
C0754923,2
C0756081,2
C0756085,5
C0757422,2
C0758115,2
C0759032,16
C0759933,3
C0762662,43
C0763530,68
C0764105,172
C0765273,8
C0766108,8
C0766224,1
C0766326,2
C0767382,2
C0767630,7
C0768119,5
C0768176,2
C0769777,4
C0770206,52
C0770343,153
C0770393,22
C0770426,364
C0770514,4
C0770518,610
C0770555,7
C0770558,21
C0770564,7
C0770578,2
C0770604,4
C0770612,35
C0770624,9
C0770666,291
C0770720,853
C0770959,1
C0770983,38
C0771080,152
C0771139,1
C0771144,3
C0771204,2497
C0771269,4
C0771311,111
C0771375,93
C0771424,3
C0771451,58
C0771502,1
C0771607,3
C0771648,64
C0771655,94
C0771737,1
C0771795,34
C0771797,15
C0771950,1
C0771954,2
C0772024,1
C0772051,4
C0772080,1
C0772088,1150
C0772089,4
C0772125,36
C0772197,1
C0772202,1
C0772228,31
C0772239,2
C0772241,1
C0772258,47
C0772289,534
C0772295,2
C0772301,1035
C0772313,518
C0772319,1
C0772321,2
C0772342,1
C0772364,8
C0772394,18
C0772501,2369
C0772505,7
C0776024,24
C0785399,46
C0789408,12
C0789987,252
C0795575,317
C0795585,2
C0795589,9
C0795597,2163
C0795617,67
C0795635,357
C0795657,1273
C0795661,1676
C0795671,87
C0795674,11
C0795677,860
C0795760,80
C0796320,5584
C0796392,817
C0796396,6
C0796399,1
C0796545,11
C0813203,8
C0813973,3463
C0815310,87
C0851342,2
C0851344,3
C0872887,141
C0872895,36
C0872906,4
C0872913,9
C0872916,50
C0873006,248
C0873038,5
C0873055,1
C0873078,1
C0873118,2210
C0873137,35
C0873138,35
C0873139,1
C0874039,2
C0874052,8
C0874065,35
C0874069,3
C0874161,804
C0875947,4
C0876232,1150
C0876716,12
C0876769,162
C0877777,1
C0877778,1
C0877812,140
C0877860,3
C0877863,1
C0877874,2
C0877876,198
C0877880,2
C0878127,223
C0878129,223
C0878141,146
C0878209,1
C0878309,2
C0878422,4
C0878528,1157
C0879427,5
C0879444,1
C0883242,1031
C0885226,1
C0886575,4
C0886584,11
C0886631,85
C0886706,5
C0886809,20
C0886855,502
C0886951,8
C0887117,452
C0887243,2
C0887353,1
C0887447,1
C0887557,6
C0887682,7114
C0887700,44
C0892071,16
C0892408,25
C0892616,23
C0893355,186
C0893383,34
C0893761,137
C0903411,14
C0903898,4
C0904505,298
C0905464,23
C0905677,2
C0906166,2
C0907349,25
C0907402,134
C0907410,32
C0907722,3
C0907850,64
C0907855,683
C0907956,1
C0908935,64
C0909381,218
C0909839,198
C0909862,42
C0910859,17
C0910864,1
C0912024,3
C0912295,1
C0912322,1
C0913246,9
C0913441,1
C0913469,31
C0913506,9
C0914729,6
C0915142,17
C0915685,1
C0916062,5
C0917688,16
C0917744,243
C0917964,41
C0917976,4
C0919320,1
C0919322,1
C0935916,3
C0935918,1
C0935936,2301
C0935989,607
C0936060,21
C0936139,1
C0936148,175
C0936150,639
C0937607,1756
C0937627,64
C0937640,4
C0937766,7
C0937846,492
C0937858,26
C0937879,1
C0937916,8
C0937917,9
C0937932,80
C0937950,63
C0938478,4
C0939803,1
C0939806,40
C0939860,3
C0939937,216
C0947663,1035
C0949307,1055
C0949453,2
C0949636,243
C0949647,7
C0950252,20
C0950476,50
C0950651,2
C0950902,3
C0953467,11
C0957702,1
C0960373,1
C0960559,1
C0960807,3
C0961209,1
C0961485,15
C0961664,1
C0961689,1
C0961780,5718
C0961781,4
C0961965,42
C0962517,69
C0962603,12
C0962702,19
C0963398,208
C0963839,1
C0964264,2
C0965129,40
C0965226,1
C0965594,5
C0965618,12
C0966107,5
C0966140,1
C0966225,320
C0966370,2
C0966500,13
C0966564,1
C0967809,1
C0968226,4
C0969324,60
C0969397,3
C0969589,237
C0969638,23
C0969677,2186
C0971023,96
C0971116,176
C0971469,5
C0971473,6
C0971574,8
C0971579,2
C0971637,5
C0972314,15
C0981817,4
C0981840,14
C0981883,940
C0981884,4
C0981911,586
C0981952,410
C0981959,10
C0981976,1
C0981982,94
C0981984,38
C0982005,1
C0982025,176
C0982043,5
C0982111,772
C0982134,12
C0982154,7
C0982177,19237
C0982194,5
C0982206,12
C0982207,12
C0982210,5
C0982221,95
C0982234,63
C0982237,73
C0982245,8
C0982266,2
C0982333,143
C0982338,11
C0982353,8
C0982372,410
C0982374,14
C0982384,225
C0982388,87
C0982396,3
C0982413,1
C0982443,2
C0982461,8
C0991843,33
C0991864,143
C0991867,13
C0991878,3
C0991883,10671
C0993202,52
C0994472,16
C0995188,15
C1017040,1
C1095803,34
C1095804,19
C1095890,9
C1095891,1
C1095901,4
C1095905,1
C1095917,1
C1096766,61
C1096768,267
C1098055,29
C1098320,12
C1098488,1
C1098510,26
C1098515,1
C1099053,4
C1099168,1
C1099211,1
C1099259,8
C1099414,110
C1099420,13
C1099456,290
C1099477,3
C1099675,4
C1099677,24
C1100584,6
C1100924,1
C1100970,1
C1101148,11
C1101322,29
C1101425,47
C1101838,7
C1113707,22
C1116570,24
C1119918,35
C1120106,62
C1120110,9
C1120386,126
C1120452,1
C1120776,5
C1120952,30
C1121738,1
C1121849,26
C1121991,3
C1122087,634
C1122583,1
C1122962,23
C1134452,3181
C1134467,2
C1134528,1
C1134654,4
C1134659,51
C1135132,3
C1135135,45
C1135150,34
C1135662,86
C1136262,1
C1136535,30
C1136704,11
C1136869,1
C1137390,9
C1137427,22
C1137830,2
C1138226,27
C1138626,364
C1141639,3509
C1142738,32
C1142932,2
C1142933,5
C1142934,1
C1142985,79
C1143018,3
C1143123,10
C1144109,1
C1144149,30
C1144403,2
C1145610,2
C1145701,1837
C1145759,81
C1145760,84
C1165353,132
C1165377,2
C1165386,12
C1165560,241
C1165603,19237
C1165733,17
C1165801,180
C1166065,261
C1166245,4
C1166521,162
C1169997,36
C1170000,345
C1170011,115
C1170114,1306
C1170701,10
C1170744,345
C1170748,199
C1171274,1
C1172255,2
C1172636,9
C1172734,106
C1174691,2
C1174743,1
C1174783,13
C1174893,45
C1174995,7
C1175032,4
C1175165,1
C1176020,52
C1176138,1
C1176289,13
C1176306,44
C1176308,44
C1176309,128
C1176315,9
C1176316,55
C1176320,124
C1176329,17
C1176415,2
C1177183,1
C1177218,25
C1178459,2
C1186773,2
C1257385,10
C1257689,471
C1258986,2815
C1259553,4
C1260208,1
C1260298,121
C1262899,8
C1268848,420
C1268876,4218
C1269691,1528
C1271607,2
C1272713,2
C1273043,9189
C1289957,7
C1289963,32
C1289966,5
C1291843,8
C1302054,45
C1306531,60
C1307126,2
C1307235,33
C1311053,409
C1311070,11
C1311233,137
C1312124,1
C1313052,2
C1313238,70
C1313386,10
C1314787,87
C1314954,2
C1318649,48
C1321596,89
C1321598,8
C1321887,67
C1321947,3814
C1322006,1
C1322012,24
C1323100,586
C1327830,2
C1327841,2
C1327844,1
C1328025,4
C1328071,4
C1328192,1
C1328236,57
C1328709,1
C1329979,13
C1330123,1
C1330541,7
C1337133,1
C1337242,60
C1337299,98
C1337333,156
C1337342,1189
C1337343,2
C1337344,2
C1337345,18
C1350499,40
C1366036,34
C1366044,2
C1366066,3
C1367202,30
C1372952,16
C1377670,2
C1382849,2
C1383453,1
C1383469,5
C1384515,121
C1433124,1
C1433439,11
C1434409,4
C1434792,1
C1434916,34
C1435444,80
C1436328,22
C1437018,3
C1440867,587
C1440965,226
C1445182,4
C1445380,3
C1445383,2
C1445421,325
C1445424,2
C1445427,22
C1445442,48
C1445578,91
C1445625,22
C1445761,5584
C1446451,10
C1446506,7
C1446598,357
C1449396,16
C1449554,20
C1450468,302
C1451497,4125
C1451502,1
C1451733,6
C1451872,1
C1451975,1
C1452204,4
C1452808,40
C1453642,5
C1453711,2
C1453741,1
C1453771,3
C1453933,79
C1454350,1
C1454590,2
C1454896,13
C1455035,3
C1455147,114
C1455381,4
C1455513,1
C1456408,49
C1456409,45
C1506770,10
C1506802,1
C1507354,5
C1508759,6
C1509244,46
C1509379,3
C1509509,85
C1509549,28
C1509685,18
C1509789,296
C1509794,3
C1509841,2
C1510976,1
C1511217,1377
C1511767,1
C1512536,137
C1513105,949
C1515388,4125
C1515405,5823
C1515682,2
C1516119,334
C1516302,222
C1516481,203
C1517301,3
C1518416,1
C1519641,131
C1519948,2
C1522480,1
C1522481,1
C1522569,2
C1527003,263
C1527027,1
C1527262,2
C1529212,15
C1529660,20
C1529682,5
C1530072,12
C1530433,19
C1530889,17
C1531015,11
C1531556,1
C1533126,4
C1533505,1
C1533643,25
C1533699,61
C1541395,26
C1541483,369
C1541591,1
C1541592,2
C1541677,4
C1548477,139
C1565135,4
C1565316,10
C1565750,18
C1566537,210
C1566826,43
C1567130,23
C1567753,2
C1568094,3
C1568156,4
C1569608,22
C1569696,1
C1570187,3
C1570308,19
C1570906,2
C1571583,13
C1572489,1327
C1572572,11
C1572729,1
C1572738,596
C1572748,6
C1572775,2
C1576662,36
C1576729,11
C1579194,28
C1579322,6
C1589326,1377
C1589331,10
C1589335,10
C1589560,34
C1601139,32
C1601799,3874
C1608295,61
C1608841,117
C1609165,306
C1609686,15
C1609931,6
C1610514,5
C1611088,1
C1611934,2
C1612300,1
C1613372,4
C1613399,4
C1614456,1
C1615089,2
C1615657,18
C1615665,139
C1616289,1
C1619629,246
C1619908,1
C1619962,13
C1619966,129
C1620287,10
C1622308,1
C1622962,2
C1623211,1
C1646276,61
C1646310,6
C1654703,291
C1655449,1
C1657051,3
C1658202,236
C1658209,10
C1659046,148
C1659047,8
C1664205,33
C1667052,28
C1675326,43
C1678805,7
C1684405,4
C1690432,109
C1691209,13
C1692318,9
C1692330,7
C1695579,283
C1695970,357
C1696547,6
C1698215,9
C1698364,8
C1698893,11
C1699861,35
C1699926,70
C1700388,24
C1700683,5
C1700695,82
C1700730,1
C1700874,7
C1701455,57
C1701589,1173
C1701752,1
C1702916,530
C1703334,17
C1703665,7
C1704263,64
C1704271,6
C1704340,4
C1705207,52
C1705480,842
C1706105,283
C1706643,1
C1706888,1
C1707062,189
C1707080,25
C1708824,2
C1709546,5
C1710278,1
C1710314,1
C1718383,25
C1719750,5
C1719970,1
C1720035,10
C1721258,2
C1721268,1
C1721300,1
C1721306,1
C1721377,41
C1721498,8
C1721684,1
C1722260,14
C1722267,1
C1722685,9
C1723401,31
C1725176,9
C1737951,1
C1738934,4
C1739462,107
C1739735,2
C1739768,81
C1741327,112
C1742789,6
C1742831,16
C1744278,2
C1765332,1
C1802750,1
C1804800,3
C1815158,17
C1815806,63
C1816270,4
C1816344,180
C1828708,1
C1831728,1
C1831729,4
C1831731,8
C1831796,27
C1831808,36
C1831888,1
C1831905,115
C1831907,2
C1831982,4
C1832021,21
C1832027,26
C1832030,1
C1832044,1
C1864723,8
C1869620,17
C1870111,56
C1870115,4
C1870158,5
C1870609,21
C1870831,1
C1871264,7
C1871407,1
C1871526,98
C1871818,4
C1872109,45
C1872192,2
C1872203,5
C1872514,1
C1872824,1664
C1872963,1
C1873342,1
C1873633,120
C1874935,4
C1875873,299
C1875875,2
C1875994,36
C1876200,6
C1876229,7
C1876722,78
C1879521,3
C1879704,3
C1880207,7114
C1880218,11
C1880288,31
C1880737,1
C1881339,147
C1881444,27
C1881785,1352
C1881787,691
C1881897,6
C1882065,21
C1882138,15
C1882383,465
C1882444,5
C1882913,2884
C1883309,551
C1948076,1
C1948374,66
C1949480,1270
C1949701,518
C1950445,8860
C1950939,2815
C1952586,7
C1955474,51
C1955479,2
C1956225,52
C1956280,2
C1956321,1
C1956370,1
C1956497,2
C1957374,1
C1958126,5
C1958300,3
C1958569,4
C1960121,4
C1961852,4
C1961993,18
C1995592,2
C1997870,1664
C1998014,6
C1998098,12
C1999375,15
C1999522,3
C1999883,103
C1999896,51
C2000088,10
C2000145,21
C2000261,1
C2000403,1
C2001271,17
C2001394,3
C2001521,37
C2001525,37
C2001572,1
C2001733,8
C2001856,7
C2001867,48
C2002307,1
C2002622,325
C2003191,6
C2003424,25
C2052857,180
C2064899,36
C2093603,727
C2093618,24
C2224211,4218
C2240523,5
C2242042,26
C2316164,11
C2316217,2
C2341952,23
C2343589,12
C2343853,5
C2344255,10
C2346450,1
C2346801,17
C2346819,2
C2346821,1
C2346836,16
C2346927,22
C2346970,1
C2347036,1
C2347349,1
C2347431,2
C2347556,3
C2347624,3
C2347779,8
C2348066,35
C2348241,1
C2348248,5
C2348308,1475
C2348390,5
C2348459,2
C2348772,1
C2348781,5
C2348784,1
C2349941,13
C2350040,2
C2350374,2
C2350383,2
C2350692,5
C2350728,2
C2350866,6
C2350948,1
C2351038,2
C2351042,11
C2351398,1
C2353893,46
C2353951,15
C2354526,4
C2356037,63
C2356374,143
C2364481,68
C2365098,1
C2366367,235
C2369149,18
C2370726,1
C2587184,2917
C2587204,48
C2603873,1
C2604598,26
C2604635,4
C2605768,2
C2605855,22
C2606556,16
C2606637,24
C2607479,1
C2607958,3
C2608095,1625
C2682870,9
C2684100,2
C2684343,5
C2684348,2
C2697511,138
C2697593,3
C2697674,94
C2697929,1
C2697961,68
C2698003,27
C2698152,2
C2698183,40
C2698220,1
C2698291,4
C2698371,9
C2698382,11
C2698585,5
C2698682,66
C2698692,1
C2698764,131
C2698841,2
C2698842,5
C2698944,93
C2699069,6
C2699131,357
C2699132,81
C2699143,86
C2699162,381
C2699163,2
C2699210,206
C2699273,2
C2699289,1
C2699335,7
C2699492,3
C2699543,61
C2699562,114
C2699709,4
C2699785,1
C2699808,755
C2699871,5
C2699902,13
C2699999,96
C2700136,2
C2700141,104
C2700174,248
C2700227,558
C2700233,1
C2700293,2
C2700331,309
C2700334,144
C2700604,1
C2701066,25
C2701231,1
C2701271,8860
C2701384,6
C2701580,299
C2701586,1
C2701591,1
C2701713,3
C2701762,12
C2701770,1
C2701814,1
C2702310,57
C2702319,8
C2702329,331
C2702332,113
C2702333,1529
C2702346,8
C2702351,245
C2702352,11
C2702356,2
C2702357,16
C2702362,661
C2702370,5
C2702372,182
C2702377,76
C2702382,112
C2702401,58
C2702402,83
C2702409,256
C2702414,11
C2702418,68
C2702419,1055
C2702428,2
C2702430,1
C2703093,1
C2709766,1
C2709803,22
C2713006,1
C2713007,4
C2713009,3
C2713011,2
C2713074,977
C2713485,2
C2713522,29
C2713558,1
C2713559,2
C2713581,741
C2713595,4
C2713599,9
C2713885,39
C2713966,3
C2714632,2
C2714681,6
C2714699,2
C2717021,2
C2717174,1
C2717362,13
C2717561,9
C2718773,137
C2719424,319
C2719430,10
C2719767,319
C2720503,1828
C2721771,81
C2722024,3558
C2722026,1
C2722027,23
C2722028,118
C2722029,75
C2722031,120
C2722032,341
C2722034,364
C2722035,37
C2722036,2
C2722038,29
C2722042,9
C2722043,25
C2722050,1
C2722054,3
C2722056,30
C2722894,297
C2722896,153
C2723553,3
C2723734,6
C2723754,2
C2724201,70
C2724202,15
C2725003,85
C2725004,241
C2725005,114
C2725260,10
C2725262,18
C2725341,5
C2725876,1
C2725886,16
C2725895,15
C2725897,7
C2725898,3
C2726135,63
C2726141,111
C2726148,8
C2726150,11
C2726151,4
C2726165,1
C2726166,4
C2726168,10
C2726174,2
C2726178,1
C2726180,10
C2726181,78
C2726182,5
C2726185,1
C2726186,7
C2726191,1
C2726205,23
C2726211,14
C2726215,2
C2726217,1
C2726218,1
C2727011,17
C2727018,1
C2727177,1
C2727189,1
C2727825,299
C2727860,26
C2727890,2
C2727930,4
C2728174,5
C2728176,22
C2728178,10
C2728179,14
C2728180,7
C2728181,2
C2728183,3
C2728184,25
C2728185,5
C2728187,3
C2728189,6
C2728190,9
C2728191,49
C2728192,4
C2728193,39
C2728194,364
C2729981,2
C2730104,17
C2730186,80
C2730227,386
C2730230,95
C2730252,11
C2731508,8
C2731559,14
C2731839,10
C2732002,13
C2732016,2095
C2733014,43
C2740585,7
C2740590,3
C2740600,30
C2740603,27
C2740609,49
C2740612,47
C2740617,53
C2740621,50
C2740624,15
C2740631,16
C2740637,67
C2740640,38
C2740643,3
C2740646,4
C2740652,45
C2740668,1
C2740746,7
C2740760,25
C2740768,13
C2740787,22
C2740793,29
C2740796,22
C2740799,621
C2740802,5
C2740841,5
C2740844,8
C2740859,26
C2740867,13
C2740876,6
C2740952,1
C2740956,4
C2741435,1
C2741438,7
C2741441,11
C2741444,7
C2741453,24
C2741458,12
C2741474,22
C2741480,26
C2741489,1
C2741492,24
C2741496,3
C2741499,54
C2741520,1
C2741531,6
C2741534,141
C2741542,54
C2742502,19
C2742503,5
C2742797,89
C2743673,10
C2743752,3
C2744440,1
C2744850,9
C2744862,1
C2745274,1
C2746063,4
C2746078,6
C2746955,10
C2746991,1664
C2747686,1
C2747700,4
C2756160,2
C2756297,2
C2756785,2
C2756786,35
C2756957,32
C2825044,10900
C2825286,1
C2825327,1
C2825351,1
C2825385,7
C2825457,160
C2825462,17
C2825587,2
C2825616,1664
C2825635,1
C2825721,1
C2825830,101
C2826072,1
C2826076,61
C2826077,482
C2826078,200
C2826356,2
C2827093,1
C2827132,1
C2827241,13
C2827257,49
C2828245,1
C2828282,2854
C2828290,3
C2828294,630
C2828299,379
C2828369,2701
C2830183,2
C2918519,1
C2918653,4
C2919267,16
C2927565,40
C2928866,1
C2930041,42
C2930113,319
C2930490,1
C2930575,1
C2930664,1
C2930696,57
C2930716,29
C2930762,6
C2930764,19
C2930789,9
C2931926,95
C2931958,40
C2932035,1
C2932137,1
C2932486,4
C2932852,7
C2933427,1
C2933824,49
C2934004,3
C2934193,1
C2934611,6
C2934701,2
C2935023,25
C2935131,1
C2935224,3
C2935436,3
C2935736,2
C2936385,225
C2936656,2
C2936870,5
C2937409,9
C2937963,24
C2937983,1
C2937996,9
C2938117,12
C2938851,2
C2939773,17
C2947549,1
C2948039,7
C2948080,46
C2948081,47
C2948088,4
C2948830,35
C2955472,4
C2959378,5
C2961394,5
C2973446,57
C2973594,4
C2973895,2
C2973987,1
C2974168,2
C2974289,66
C2974521,1
C2974531,1
C2974540,5
C2975054,1
C2975395,3
C2975435,17
C2976303,154
C2976587,12
C2979805,229
C2980074,45
C2980089,5
C2980091,2
C2980094,27
C2980841,4
C2981297,1
C2981308,2
C2981360,8
C2982078,24
C2983812,21
C2983838,2
C2983887,180
C2983899,830
C2983900,4
C2983918,27
C2983924,6
C2983945,10
C2983984,7
C2983989,5
C2984037,1
C2984518,1
C2985193,1
C2986854,3
C2986882,1
C2986924,69
C2987417,13
C2987429,1
C2987430,2
C2987530,1
C2987549,80
C2987603,2
C2987605,1
C2987636,6
C2987643,1
C2987648,3
C2987649,1
C2987651,6
C2987670,3
C2987716,8
C2987740,14
C3152878,76
C3159320,1
C3162633,49
C3162927,83
C3177235,27
C3177463,1
C3177877,1
C3178479,15
C3179470,17
C3179479,3
C3179535,3
C3179547,32
C3179549,5
C3181342,1
C3181682,23
C3186047,162
C3191817,45
C3192263,40
C3194702,332
C3194704,625
C3195420,6
C3199532,1
C3199704,35
C3204554,1
C3215460,7
C3245002,417
C3245083,162
C3247293,1
C3247294,57
C3247296,1
C3248039,82
C3252090,49
C3252279,1
C3253985,163
C3254127,6
C3254591,1
C3254748,1
C3254764,1
C3255108,468
C3255208,82
C3255598,4
C3255599,1
C3255786,138
C3255824,8
C3255854,2
C3255957,11
C3256092,5
C3256110,25
C3256216,6
C3256481,1
C3256597,3
C3256601,1
C3256617,1
C3256816,4
C3256853,53
C3256890,417
C3256960,2
C3264621,218
C3265002,23
C3266859,4218
C3272344,4
C3272418,1
C3272698,7
C3273040,1
C3273375,1
C3273401,5
C3273430,1
C3273440,2
C3273754,3
C3273788,1
C3273827,1
C3273938,1
C3274586,2
C3274810,2
C3281328,353
C3282119,3
C3282452,4
C3282507,67
C3464497,1017
C3464953,5
C3465042,267
C3467801,1
C3467824,1
C3467876,39
C3474322,152
C3484402,39
C3484407,10
C3484418,13
C3484455,1
C3484530,13
C3485619,51
C3486131,1
C3486390,1
C3486526,1
C3486572,1173
C3486613,1
C3486626,8
C3486675,8
C3486695,1
C3486724,5
C3486728,2
C3486733,177
C3486750,78
C3486840,1
C3487977,2
C3488471,15
C3488929,2
C3489483,63
C3489575,38
C3489614,6
C3489682,21
C3489748,19
C3489764,9
C3490329,24
C3490348,22
C3490773,1
C3490795,55
C3491162,6
C3491331,2
C3491971,28
C3491974,3
C3492731,2
C3492889,1
C3493164,1
C3493648,1
C3494178,1529
C3495433,23
C3495485,2
C3495673,144
C3496084,40
C3496090,1
C3496793,3
C3498054,12
C3499933,60
C3500695,9
C3501358,10
C3501434,1
C3503116,435
C3505293,385
C3505684,1
C3527640,9
C3529178,1
C3529352,16
C3529563,8
C3529575,4
C3529732,1
C3529928,7
C3529991,1
C3530114,9
C3530899,2
C3535672,87
C3535682,13
C3536832,9
C3536868,113
C3536876,1
C3536965,859
C3537171,1613
C3537278,41
C3539881,3533
C3541316,9
C3541379,549
C3542463,1958
C3555502,1
C3555537,80
C3640058,1
C3640098,6
C3640212,1
C3642407,3
C3642427,2
C3642440,9
C3643437,53
C3643461,3
C3645709,101
C3651730,2
C3651791,3
C3651794,11
C3652574,36
C3652579,35
C3652583,1
C3652586,384
C3652663,7
C3652674,176
C3652694,61
C3652920,21
C3652921,1
C3653088,61
C3655918,7
C3657270,79
C3657549,2
C3657824,2
C3658295,1622
C3658667,9
C3658706,39
C3658709,1
C3659218,5
C3659266,1
C3660912,2
C3660913,2
C3660996,141
C3661274,3
C3661282,9
C3661290,2
C3661315,1
C3661457,757
C3661490,265
C3665495,3
C3666697,31
C3666986,3
C3667092,2
C3692257,201
C3695948,3463
C3696416,60
C3700393,4
C3700399,3
C3700897,3
C3709760,229
C3710730,487
C3710841,1280
C3712838,1
C3713057,12
C3713514,2
C3713860,1
C3713906,3
C3713958,36
C3714572,413
C3714624,182
C3715099,95
C3814772,151
C3817397,45
C3818700,1
C3818721,8
C3827001,2
C3828267,3
C3832604,1
C3833232,1
C3834083,18
C3834170,3
C3848518,11
C3848519,1
C3848524,1
C3848529,732
C3848530,53
C3848532,2
C3848538,344
C3848546,44
C3848550,235
C3848552,90
C3848554,1
C3848561,7
C3848565,60
C3848570,373
C3848572,5
C3848573,795
C3848580,2
C3848583,66
C3848584,520
C3848585,9
C3848586,364
C3850081,92
C3850086,1
C3850778,2
C3850972,6
C3851115,1485
C3851350,50
C3852217,1
C3852512,20
C3852670,17
C3852671,4
C3852684,75
C3852726,6
C3852841,2
C3852938,16
C3853624,297
C3853822,7
C3853839,91
C3853843,1
C3853921,20
C3854019,2366
C3856267,2
C3857936,6
C3864824,15
C3872000,258
C3872016,43
C3872075,12
C3883805,7
C3885063,2
C3885068,9
C3885145,4
C3885487,97
C3885614,6
C3885750,5
C3885917,1
C3886460,3
C3886496,7
C3886551,4
C3886731,3
C3886763,14
C3887822,2
C3891304,74
C3891959,1
C3892863,1958
C3896796,1
C3896936,1
C3896940,3
C3896945,36
C3898064,1
C3899005,1
C3899947,1
C4018308,1
C4018311,1
C4018471,3
C4019900,4
C4026321,2
C4033447,3
C4041572,2
C4041919,3
C4042342,1
C4042960,3
C4043101,1
C4043705,1
C4044345,44
C4044785,2
C4044947,27
C4045466,1
C4045491,6
C4045494,12
C4045501,2
C4045507,2
C4045511,1
C4045514,1
C4045522,1
C4045546,1
C4045816,2
C4045824,1
C4045924,1
C4048232,683
C4048265,15
C4048612,3
C4048712,117
C4048752,5
C4049141,2
C4049146,3
C4049845,112
C4050579,14
C4053696,1
C4053876,4
C4054758,7
C4055109,4
C4055417,4
C4055433,48
C4055478,11
C4056439,1
C4058704,15
C4058811,3
C4059921,33
C4059929,12
C4064080,3
C4076257,22
C4076895,2
C4078312,1
C4078701,1
C4079582,17
C4079591,1
C4079830,23
C4079904,2
C4079994,1
C4080009,7
C4080052,4
C4080053,4
C4080091,6
C4081232,4
C4082266,8
C4082270,66
C4082271,8
C4082272,19
C4082289,1
C4082381,168
C4082394,41
C4082435,294
C4082438,9
C4082527,247
C4082528,1170
C4082558,144
C4082694,954
C4082752,1170
C4082771,15
C4083129,7
C4083155,21
C4083517,20
C4083869,10
C4083872,2
C4084478,2
C4085891,47
C4086238,1
C4086264,12
C4086509,1
C4086553,1
C4086734,2
C4086895,3
C4086998,3
C4224757,3
C4238106,1342
C4255329,10
C4255548,3105
C4255551,4
C4255553,6
C4255566,112
C4255568,4
C4255571,7
C4255582,120
C4255584,33
C4255605,72
C4255609,2884
C4255611,223
C4255612,223
C4255613,223
C4255624,1
C4255635,3
C4255637,147
C4255641,1
C4255649,17
C4255650,17
C4255697,218
C4255698,93
C4255705,2606
C4255708,653
C4255714,53
C4255715,53
C4255725,301
C4255755,84
C4255812,406
C4255853,151
C4255854,87
C4255869,6
C4255874,135
C4255875,135
C4255884,1
C4255885,1
C4255891,19
C4255898,270
C4255899,204
C4255914,349
C4255917,1280
C4255918,1280
C4255919,99
C4255945,9
C4255947,8898
C4255948,8898
C4255956,368
C4255970,177
C4255983,10
C4255996,66
C4255997,66
C4255998,221
C4255999,221
C4256018,1062
C4256038,52
C4256042,20
C4256055,1376
C4256066,60
C4256073,393
C4256085,182
C4256086,4125
C4256087,4125
C4256092,16
C4256093,76
C4256095,16
C4256106,6
C4256107,440
C4256112,221
C4256124,63
C4256125,90
C4256126,90
C4256130,64
C4256131,188
C4256133,21
C4256138,1063
C4256139,1063
C4256140,1063
C4256141,1063
C4256142,139
C4256145,399
C4256149,1368
C4256151,1379
C4256152,1379
C4256155,2
C4256156,3
C4256157,1150
C4256158,78
C4256161,1664
C4256162,1664
C4256163,1664
C4256164,1
C4256166,4
C4256789,30
C4276542,3
C4277369,1
C4277781,5
C4278198,3
C4278463,69
C4279595,8
C4279622,1
C4279623,1
C4279743,4
C4281713,5
C4281720,51
C4281722,11
C4281740,2
C4282299,1
C4282653,4
C4283710,12
C4284401,5
C4284647,225
C4287716,1
C4287801,1
C4287804,2
C4287805,1
C4287806,1
C4287808,1
C4287814,1
C4287815,1
C4288135,1
C4288415,1
C4291320,1
C4291328,207
C4291381,576
C4292380,905
C4292381,15
C4292382,162
C4292384,26
C4292386,26
C4292391,162
C4292395,117
C4292397,1
C4294492,1
C4301236,223
C4301607,47
C4301617,4218
C4301781,24
C4305448,5
C4305756,14
C4305789,1
C4305807,1
C4305824,9
C4305826,1
C4305836,1
C4305843,1
C4305866,11
C4305879,1
C4305915,4
C4305918,1
C4306009,2
C4307388,2
C4307549,4
C4309207,2
C4309815,8
C4309999,2
C4310385,13
C4310433,1
C4310440,3
C4310464,1
C4310578,1
C4316842,2
C4316852,5
C4316907,112
C4316927,469
C4316929,127
C4317155,1
C4317165,53
C4317244,2
C4317347,4
C4317559,1
C4318069,118
C4318649,1
C4318849,2
C4319618,5718
C4319665,22
C4319740,9
C4319741,5
C4329442,6
C4330704,1
C4330903,2
C4475875,16
C4476028,1
C4477116,5
C4477199,1143
C4477200,12
C4477221,1
C4482908,1
C4489760,1
C4490035,1342
C4490317,112
C4490510,3
C4490514,1
C4490518,6
C4490578,3
C4490579,2619
C4490581,4218
C4490702,5
C4505506,1
C4505508,4
C4505511,1
C4505524,2
C4505530,4
C4506753,3
C4507207,2
C4507236,3
C4507381,1
C4507489,1
C4507514,2
C4507568,7
C4508522,7
C4508722,1
C4508861,10
C4508936,1
C4508937,3
C4512069,61
C4518884,2
C4519099,2
C4519112,8
C4519113,1
C4519126,2
C4519154,3
C4519167,2
C4519178,1
C4519188,1
C4519194,61
C4519197,3
C4519199,1
C4519206,4
C4519213,5
C4519220,1
C4519229,10
C4519238,1
C4519249,1
C4519250,7
C4519258,1
C4519262,56
C4519269,3
C4519273,1
C4519277,1
C4519292,1
C4519294,1
C4519305,639
C4519317,2
C4519324,2
C4519428,2
C4519527,4
C4519528,4
C4519536,8
C4519537,8
C4519663,1
C4519665,2
C4519725,1
C4519728,6
C4519734,1
C4519738,1
C4519739,1
C4519744,1
C4519745,11
C4519754,1
C4519883,3
C4519897,2
C4519898,137
C4519899,137
C4519903,469
C4519904,469
C4519905,469
C4519910,4
C4519912,8
C4519917,6
C4519918,10
C4519924,7
C4520217,3
C4520808,8
C4520848,47
C4521061,35
C4521182,8
C4521679,1
C4522139,1
C4522805,121
C4523005,1
C4523013,6
C4523015,12
C4524315,36
C4524703,6
C4529284,1
C4529301,817
C4529437,24
C4529439,24
C4529443,24
C4530556,634
C4534627,69
C4534645,6
C4534675,1
C4535137,37
C4535390,634
C4535437,26
C4535438,26
C4535718,7
C4535729,101
C4541023,379
C4541381,2
C4541383,10
C4541569,1342
C4541579,46
C4541848,63
C4542001,576
C4542165,6
C4542170,8
C4542175,1
C4547051,1
C4547202,1
C4547455,1
C4547971,5
C4548369,6
C4548371,4
C4548848,55
C4548942,1
C4549501,2
C4549503,5
C4550124,4
C4550163,12
C4550350,7
C4550363,1
C4550368,3
C4550762,34
C4550774,3
C4550936,27
C4550958,1019
C4551867,384
C4553341,207
C4554148,3463
C4682408,6
C4682412,1
C4684978,1
C4688338,891
C4688386,4
C4688584,1
C4688747,32
C4689607,1
C4691336,3
C4691337,61
C4691368,297
C4691409,489
C4691410,180
C4691411,180
C4691412,1
C4691480,47
C4692289,6
C4694119,2
C4694124,81
C4694271,2
C4694272,1
C4694273,4
C4694429,10
C4694533,9
C4694534,11318
C4694620,107
C4694625,37
C4694626,2
C4694627,7
C4694628,7
C4694629,7
C4694630,7
C4694704,45
C4694705,45
C4694766,31
C4694767,22
C4694769,22
C4694850,3463
C4694938,1664
C4695102,3
C4703816,30
C4703827,3580
C4703837,1083
C4703917,235
C4703922,83
C4703923,1
C4703924,10
C4703925,1
C4704119,4
C4704812,13
C4718858,35
C4718946,46
C4718947,46
C4718948,252
C4718949,453
C4718952,763
C4718953,4
C4718955,20
C4718956,3161
C4718957,228
C4718958,15
C4718959,222
C4718966,2
C4718967,1
C4718969,558
C4718970,246
C4718971,246
C4718972,246
C4718976,2095
C4719632,2
C4720235,4
C4721479,3
C4721487,3
C4721542,115
C4721552,319
C4721554,1958
C4721558,153
C4721782,1
C4721799,1189
C4721820,3
C4721821,3
C4721822,3
C4721823,3
C4721865,64
C4721877,40
C4721896,10
C4721908,18
C4721939,1
C4721955,94
C4722192,138
C4722442,676
C4722544,2
C4722567,46
C4723206,4
C4723218,2
C4723219,2
C4723383,22
C4723397,22
C4723629,13
C4723994,1
C4723998,3
C4724000,1
C4724799,1
C4724814,2
C4724880,1
C4726644,10
C4726677,105
C4726717,3
C4726732,2
C4726770,12
C4726772,8
C4726829,1
C4726893,2
C4726898,2
C4726916,4
C4726919,1
C4726929,20
C4726932,1
C4726937,1
C4726940,9
C4727750,1
C4727763,12
C4730996,7
C4731004,1
C4731383,10
C4731447,1
C4731449,3
C4731459,56
C4731460,3
C4731463,1
C4731561,4
C4731736,1
C4731737,1
C4731858,2
C4731901,216
C4733316,1
C4733494,7
C4733583,1
C4734121,26
C4734224,37
C4734998,11
C4735000,1
C4735001,1
C4735048,30
C4740830,634
C4740844,4218
C4740903,9
C4740904,9
C4741223,2
C4741328,1831
C4741882,46
C4742157,3
C4742236,61
C4742599,1
C4743098,1
C4743425,1
C4743549,2
C4743552,2
C4744620,21
C4745432,7
C4745457,4
C4745458,36
C4745459,36
C4745460,36
C4745461,319
C4746083,3
C4746084,3
C4746169,29
C4758793,21
C4758794,46
C4758795,4
C4758856,138
C4758857,138
C4759080,12
C4759653,1
C4759658,4
C4759695,1
C4759696,1
C4759708,6
C4759725,87
C4759735,23
C4759736,23
C4759737,23
C4759738,7
C4759739,7
C4759741,16
C4759742,16
C4759743,16
C4759782,5
C4759788,8
C4759790,1
C4759795,3
C4759801,9
C4759809,4218
C4759850,1
C4759866,40
C4759902,64
C4759904,2
C4759905,2
C4759906,35
C4760489,57
C4760628,3
C4760708,39
C4760709,1
C4760737,4
C4760738,4
C4760739,4
C4760740,4
C4760741,4
C4760742,4
C4760745,24
C4760754,7
C4760755,7
C4760757,7
C4760758,7
C4760759,5
C4760763,9
C4760782,40
C4760783,1
C4760786,1
C4760787,2
C4760788,2
C4760789,2
C4760790,2
C4760864,3
C4761422,708
C4761457,647
C4761546,716
C4761547,3
C4761636,2
C4761637,2
C4761646,72
C4761746,34
C4762300,12
C4762301,15267
C4762481,119
C4762533,26
C4762602,4
C4762606,4
C4763386,2
C4764376,46
C4764387,1
C4764404,9
C4765024,8
C4765222,4
C4765369,4
C4765507,13
C4765525,12
C4766117,1
C5135553,9
C5135554,34
C5135559,20
C5135560,34
C5135561,34
C5135562,576
C5139660,1
C5139663,1
C5139674,11
C5139676,25
C5139696,1
C5139702,1
C5139703,1
C5139705,95
C5139716,5
C5139717,51
C5139724,139
C5139725,1
C5139738,2
C5139745,1
C5139749,1
C5139755,1714
C5139788,7
C5139791,2
C5139793,1
C5139795,3
C5139804,2
C5139816,2
C5139825,1
C5139831,1
C5139840,8
C5139844,1
C5139845,1
C5139847,1
C5139851,1
C5139854,1
C5139864,2
C5139868,3
C5139877,1
C5139888,3
C5139896,1
C5139916,1
C5139934,4
C5139939,1
C5139949,7
C5139954,3
C5139958,1
C5139959,1
C5139964,3
C5139965,1
C5139972,40
C5139975,53
C5139976,1424
C5140028,54
C5140521,54
C5187552,46
C5195654,634
C5195655,1831
C5198008,72
C5198795,1
C5200977,4
C5200995,324
C5200996,279
C5201155,13
C5201167,11
C5201176,26
C5201181,2606
C5201196,1
C5201211,1
C5201238,46
C5201254,1
C5202641,2
C5203406,22
C5203659,1
C5203661,226
C5203662,226
C5203663,226
C5206403,1
C5206698,2
C5209992,4
C5210402,3
C5210403,3
C5210404,3
C5210405,3
C5210406,3
C5210407,3
C5210408,3
C5210409,3
C5210410,3
C5210411,3
C5210412,3
C5210413,3
C5210414,3
C5210415,3
C5210416,3
C5210417,3
C5210419,18
C5210420,226
C5211091,30
C5211092,6
C5211093,1
C5221181,634
C5222004,2
C5222083,1342
C5226417,2
C5226617,3
C5226639,2
C5226648,10
C5226649,12
C5226741,3
C5226874,1
C5227000,2
C5227411,1
C5227422,7
C5227595,2
C5227683,5
C5227711,1
C5227766,12
C5233985,3
C5234029,1
C5234236,1
C5234237,1
C5234238,1
C5234239,141
C5234300,1
C5234301,1
C5234302,364
C5234303,3
C5235315,1
C5235396,5
C5235403,2
C5237972,4
C5237990,3
C5237999,1
C5238006,1
C5238008,16
C5238034,1
C5238052,7
C5238067,1
C5238081,2
C5238146,1
C5238170,1
C5239047,37
C5239427,2
C5239527,1
C5240291,1989
C5241521,661
C5241543,661
C5241558,24
C5241596,4
C5241655,410
C5241656,410
C5241657,1
C5242453,1
C5242456,1
C5242457,3
C5242462,4
C5242465,24
C5242466,24
C5242467,9
C5242468,9
C5242469,9
C5242470,386
C5242471,661
C5242472,22
C5242473,22
C5242474,22
C5242475,22
C5242476,22
C5242477,22
C5242478,4
C5244457,7
C5244458,1
C5244461,1
C5244559,317
C5383286,28
C5383287,28
C5383290,139
C5389881,1
C5389882,12
C5389884,95
C5389885,30
C5389886,139
C5391453,3
C5391511,1
C5392287,2
C5392440,2
C5392526,13
C5392538,1
C5392705,2
C5398043,38
C5398047,634
C5398049,165
C5399324,1
C5399365,1
C5399366,2
C5399831,2084
C5399848,15
C5399960,817
C5400029,1
C5400063,1
C5400622,8
C5400623,8
C5400994,295
C5401502,2
C5401612,35
C5401639,12
C5401678,3533
C5416816,2
C5416818,1
C5416819,44
C5416820,22
C5416826,16
C5416831,1
C5416833,9
C5416836,20
C5416840,9
C5416844,5
C5416846,14
C5416847,3
C5416848,3
C5416849,44
C5416850,14
C5416851,14
C5416852,8
C5416856,5
C5416858,16
C5416859,2
C5417947,11
C5418161,1
C5418179,2
C5418188,2
C5418250,1
C5418278,2
C5418318,5
C5418336,1
C5418434,1
C5418443,10
C5418448,8
C5418478,20
C5418502,1
C5418528,1
C5419260,2
C5419280,1
C5419317,2
C5419322,4
C5420393,1
C5420921,2
C5420928,1
C5421138,2
C5421188,1
C5421243,1
C5421327,1
C5421356,6
C5421802,1
C5421804,6
C5421805,11
C5422688,12
C5422689,10
C5422751,7
C5423691,7
C5424056,7
C5432237,1
C5432245,1
C5432252,45
C5432257,29
C5432263,3
C5432264,3
C5432268,2
C5432270,1
C5432324,1
C5432330,28
C5432331,1
C5432345,1
C5432347,10
C5432354,1
C5432355,16
C5432357,1831
C5432358,16
C5432359,16
C5432360,16
C5432361,16
C5432363,192
C5432364,192
C5432365,192
C5432367,45
C5432369,1
C5432370,1
C5432375,1
C5432379,1
C5432380,1
C5432387,19
C5432388,176
C5432390,6
C5432391,1
C5432392,19
C5432394,176
C5432395,1
C5432397,1
C5432399,8
C5432400,8
C5433947,18
C5435024,2
C5435216,1
C5435341,1
C5438574,13
C5439915,1
C5440685,7
C5441892,9
C5441978,5
C5442197,1
C5442833,48
C5443070,68
C5443071,74
C5443072,445
C5443200,4
C5443203,61
C5443276,1
C5443462,63
C5446305,1
C5446775,1
C5447557,2
C5447573,2
C5448248,1
C5448359,9
C5448360,9
C5448361,9
C5448362,9
C5448363,9
C5448364,9
C5448365,9
C5448366,9
C5448432,9
C5448433,9
C5448434,9
C5448435,9
C5448436,9
C5448437,9
C5448438,9
C5448439,9
C5448440,9
C5448441,9
C5448451,14
C5448452,14
C5448453,14
C5448969,16
C5454974,1930
C5455400,476
C5455414,1
C5539923,82
C5545014,1
C5545149,5
C5550555,134
C5550556,1
C5550593,5
C5551211,36
C5551318,2
C5551393,141
C5553121,1
C5553122,8
C5553201,23
C5553578,6
C5555460,3
C5558542,23
C5558607,8
C5561179,1
C5563867,5
C5564005,36
C5564006,36
C5564007,36
C5565647,1
C5573879,2
C5574669,7
C5574747,2
C5574997,1
C5575181,9
C5576948,8
C5576949,8
C5666884,1
C5669860,1
C5698453,1
C5698461,3
C5698462,3
C5698463,3
C5698464,22
C5700147,122
C5700166,377
C5700352,1
C5700372,247
C5703306,6
C5704708,4
C5704710,3
C5705061,3
C5705125,3
C5705128,4
C5705129,4
C5705731,16
C5705766,37
C5705767,37
C5705768,4
C5705769,4
C5705770,17
C5709333,1180
C5761759,10
C5761795,30
C5761814,10
C5761871,1
C5761878,4
C5761886,16
C5770491,1
C5770862,1
C5771250,270
C5777113,2
C5777142,2
C5777143,2
C5777145,1
C5779584,1
C5779591,3
C5779639,1
C5779647,127
C5779859,5
C5780011,198
C5780032,13
C5780615,44
C5782106,1
C5782600,8
C5783690,2
C5814274,1
C5814297,2
C5814318,1
C5814326,1
C5814337,1
C5814349,2
C5814412,44
C5814423,270
C5814424,270
C5814435,44
C5814436,44
C5814437,44
C5814481,2
C5814503,89
C5814627,1
C5814628,1
C5814629,1
C5814681,1
C5814682,1
C5814874,1
C5815505,11
C5815506,12
C5815513,9
C5815522,1
C5815526,1
C5815527,2
C5815531,1
C5815534,1
C5815544,3
C5815565,2
C5815569,1
C5815589,11
C5815593,13
C5815598,2
C5815599,6
C5815606,1
C5815608,5
C5815609,1
C5815610,1
C5815611,1
C5815618,1
C5815621,12
C5815641,2
C5815649,13
C5815650,1
C5815651,1
C5827038,1
C5827040,1
C5827046,61
C5827077,1
C5833391,7
C5833402,1
C5833414,1
C5833418,1273
C5834092,4
C5834153,1
C5834294,1
C5834323,2706
C5834381,1
C5834383,1
C5834386,1529
C5834387,1529
C5834390,1303
C5834391,1303
C5834392,1303
C5834393,223
C5834394,223
C5834395,223
C5834396,1060
C5834403,1271
C5834427,4
C5834501,1898
C5834502,144
C5834503,2272
C5834504,3181
C5834506,11
C5834512,1714
C5846635,1280
C5847495,63
C5847496,16
C5847498,251
C5848139,458
C5848298,3
C5848315,3
C5848976,21
C5848979,4
C5849240,37
C5852961,8
C5853588,2
C5853752,2
C5853781,1
C5853782,1
C5853786,16
C5853800,2
C5853986,226
C5854073,2
C5854086,2
C5873076,110
C5873077,110
C5873078,110
C5873665,117
C5873956,5
C5884357,2
